Workbook

Sheet Variable_List
B2: Variable | C2: Description | D2: Unit | E2: Comment
B3: Primary Production | C3: Domestic primary production of resources | D3: PJ/yr.
B4: Imports | C4: Imports of energy carriers | D4: PJ/yr.
B5: Exports | C5: Exports of energy carriers | D5: PJ/yr.
B6: Electricity generation | C6: Domestic electricity generation | D6: PJ/yr.
B7: Heat generation from CHPs and heat plants | C7: Domestic heat production from CHPs (District heating CHPs or onsite CHPs) and heat plants | D7: PJ/yr.
B8: Fuel input for electricity generation | C8: Fuel input allocated to domestic electricity generation only | D8: PJ/yr.
B9: Fuel input for heat generation from CHPs and heat plants | C9: Fuel input allocated to domestic heat production from CHPs and heat plants only | D9: PJ/yr.
B10: Efficiency of power plants (electric) | C10: Average annual efficiency of power plants and CHPs for electricity production only | D10: % | E10: The thermal efficiency of CHPs can be inferred from the Heat to Electricity production ratio, but it can also be provided; the average efficiency differs from the technical efficiency as it includes efficiency losses due to part load operation
B11: Efficiency of heat plants (thermal) | C11: Average annual efficiency of heat plants | D11: % | E11: It is the annual marketed efficiency including part load efficiency losses and differs from the full load nominal technical efficiency; for heat pumps refers to COP
B12: Domestic biodiesel production | C12: Domestic production of biodiesel | D12: PJ/yr.
B13: Heat from domestic biodiesel production | C13: Heat produced as byproduct from biodiesel production and fed into the district heating network | D13: PJ/yr.
B14: Fuel input for domestic biodiesel production | C14: Fuel input for the domestic production of biodiesel | D14: PJ/yr.
B15: Efficiency for domestic biodiesel production | C15: Average annual efficiency for biodiesel and heat production | D15: %
B16: Domestic ethanol production | C16: Domestic production of ethanol | D16: PJ/yr.
B17: Fuel input for domestic ethanol production | C17: Fuel input for the domestic production of ethanol | D17: PJ/yr.
B18: Efficiency for domestic ethanol production | C18: Average annual efficiency for domestic production of ethanol | D18: %
B19: Domestic biogas production | C19: Domestic production of biogas and biogenic syngas | D19: PJ/yr.
B20: Electricity from domestic biogas production | C20: Electriicty produced as byproduct from biogas production and fed into the grid | D20: PJ/yr.
B21: Heat from domestic biogas production | C21: Heat produced as byproduct from biogas production and fed into the district heating network | D21: PJ/yr.
B22: Fuel input for domestic biogas production | C22: Fuel input for domestic biogas production | D22: PJ/yr.
B23: Efficiency for domestic biogas production | C23: Average annual efficiency for biogas production (accounting for byproduct production) | D23: %
... B25: Fuel input for hydrogen production | C25: Fuel input for deomstic hydrogen production | D25: PJ/yr.
B26: Efficiency for hydrogen production | C26: Average annual efficiency for hydrogen production | D26: % | E26: Including losses due to part load operation
B27: Biomethane production from biogas upgrade | C27: Production of domestic biomethane from biogas | D27: PJ/yr. | E27: One technology only fuel output is biomethane
B28: Fuel input for biogas upgrade to biomethane | C28: Use of biogas for upgrade to biomethane | D28: PJ/yr. | E28: One technology only fuel input is biogas
B29: Efficiency for biomethane production from biogas upgrade | C29: Average annual efficiency of biogas to biomethane upgrade | D29: PJ/yr. | E29: One technology only fuel input is biogas, fuel output is biomethane
B30: Domestic PtG and PtL production | C30: Domestic production of power-to-gas and power-to-liquids | D30: PJ/yr.
B31: Fuel input for domestic PtG and PtL production | C31: Fuel used for domestic PtG and PtL production (excl. CO2) | D31: PJ/yr.
B32: Efficiency for domestic PtG and PtL production | C32: Average annual efficiency for PtG and PtL processes (excl. CO2 consumption) | D32: %
B33: CO2 input for domestic PtG and PtL production | C33: CO2 input for domestic PtG and PtL production | D33: Mt/yr. | E33: The distinction of the source of CO2 (biogenic or fossil) is also provided and can be proportionally allocated to the technologies for PtG and PtL
B34: Domestic wood to pellet production | C34: Wood conversion to pellet domestic production output | D34: PJ/yr. | E34: One technology only , input is wood output is pellet
B35: Fuel input for wood to pellet production | C35: Wood conversion to pellet domestic production - input wood required | D35: PJ/yr. | E35: One technology only , input is wood output is pellet
B36: Efficiency for wood to pellet production | C36: Average annual efficiency of wood to pellet conversion | D36: %
B37: Fuel consumption in industry sectors | C37: Fuel consumption in industry by fuel and technology | D37: PJ/yr. | E37: This unfortunately it will change when the new industrial sectors will be integrated into STEM
B38: Process and space heating production in industry sectors | C38: Energy service demand provided in the form of process and space heating in industry | D38: PJ/yr. | E38: This unfortunately it will change when the new industrial sectors will be integrated into STEM
B39: Efficiency in industry sectors | C39: Boilers efficiency and COP of heat pumps in the industrial sectors | D39: % | E39: This unfortunately it will change when the new industrial sectors will be integrated into STEM
B40: Fuel consumption in Services sectors | C40: Fuel consumption in services sectors by fuel and technology | D40: PJ/yr.
B41: Space water and process heat production in Services sectors | C41: Production of energy service demand for space, water and process heat in Services sectors | D41: PJ/yr.
B42: Efficiency in Services sectors | C42: Boilers efficiency and COP of heat pumps in the Services sectors | D42: %
B43: Fuel consumption in Residential sector | C43: Fuel consumption for residential space and water heating (differentiated) by fuel and technology | D43: PJ/yr.
B44: Space and water heat production in Residential sector | C44: Space and water heat production by technology in residential sectors | D44: PJ/yr.
B45: Efficiency in Residential sector | C45: Average annual efficiency of residential boilers including part load lossess | D45: %
B46: Fuel consumption in cars | C46: Fuel consumption in cars | D46: PJ/yr. | E46: The alternative fuels consumption is provided for totals but it can be proportionally allocated to cars
B47: Cars mileage | C47: Annual km driven by cars per car type and fuel | D47: billion km/yr.
B48: Cars efficiency | C48: Average annual efficiency across all the stock of the same car type | D48: km/MJ | E48: Some extreme values are artefacts from the solution (very small numbers close to zero in consumption or mileage or both)
B49: Fuel consumption in urban buses | C49: Fuel consumption in urban buses (not trolleybuses) | D49: PJ/yr.
B50: Urban buses mileage | C50: Annual km driven per urban bus type and fuel | D50: billion km/yr. | E50: Some extreme values are artefacts from the solution (very small numbers close to zero in consumption or mileage or both)
B51: Urban buses efficiency | C51: Average annual efficiency across all the stock of the same urban bus type | D51: km/MJ
B52: Fuel consumption in coaches | C52: Fuel consumption in coaches | D52: PJ/yr.
B53: Coaches mileage | C53: Annual km driven per coach type and fuel | D53: billion km/yr. | E53: Some extreme values are artefacts from the solution (very small numbers close to zero in consumption or mileage or both)
B54: Coaches efficiency | C54: Average annual efficiency across all the stock of the same coach type | D54: km/MJ
B55: Fuel consumption in trolleybuses | C55: Fuel consumption in trolleybuses | D55: PJ/yr.
B56: Trolleybuses mileage | C56: Annual km driven by trolleybus type and fuel | D56: billion km/yr.
B57: Trolleybuses efficiency | C57: Average annual efficiency across all the stock of the same trolleybus type | D57: km/MJ
B58: Fuel consumption in trams | C58: Fuel consumption in trams | D58: PJ/yr.
B59: Trams mileage | C59: Annual km driven by trams and fuel | D59: billion km/yr.
B60: Trams efficiency | C60: Average annual efficiency across all the stock of the same tram type | D60: km/MJ
B61: Fuel consumption in motorised two wheelers | C61: Fuel consumption in two wheelers by fuel and size | D61: PJ/yr.
B62: Motorised two wheelers mileage | C62: Annual km driven by type and fuel | D62: billion km/yr.
B63: Motorised two wheelers efficiency | C63: Average annual efficiency across all the stock of the same two wheelers type | D63: km/MJ
B64: Fuel consumption in light duty vehicles | C64: Fuel consumption in light duty vehicles by fuel and size | D64: PJ/yr.
B65: Light duty vehicles mileage | C65: Annual km driven by type and fuel | D65: billion km/yr.
... B90: Urban buses stock additions | C90: New urban buses registrations - the number in a year is cummulative registrations for the period represented under this year | D90: Million
B91: Coaches stock additions | C91: New coaches registrations - the number in a year is cummulative registrations for the period represented under this year
B92: Light duty vehicles stock additions | C92: New light duty vehicle registrations - the number in a year is cummulative registrations for the period represented under this year
B93: Heavy duty vehicles stock additions | C93: New heavy duty vehicle registrations - the number in a year is cummulative registrations for the period represented under this year
B94: Space and water heat boiler capacity additions in Residential sector | C94: Newly installed capacity - the capacity additions are reported for the whole period represented under the milestone year | D94: GWth/yr.
B95: Process and space heating capacity additions in industry sectors | C95: Newly installed capacity - the capacity additions are reported for the whole period represented under the milestone year | D95: GWth/yr.
B96: Space water and process heat boiler capacity additions in Services sectors | C96: Newly installed capacity - the capacity additions are reported for the whole period represented under the milestone year | D96: GWth/yr.
B97: Domestic hydrogen production capacity additions | C97: Newly installed capacity - the capacity additions are reported for the whole period represented under the milestone year | D97: GW-H2/yr.
B98: Other fuel synthesis capacity additions | C98: Newly installed capacity - the capacity additions are reported for the whole period represented under the milestone year | D98: GW-output/yr.

Sheet SPS4
A1: Model | B1: Scenario | C1: Region | D1: Variable | E1: Unit | F1: 2020 | G1: 2022 | H1: 2025 | I1: 2030 | J1: 2040 | K1: 2050
A2: STEM | B2: SPS4 | C2: CH | D2: Primary Production | E2: PJ/yr. | F2: =F3+F8+F11+F12+F16+F17+F18+F19 -> 300.18639 | G2: =G3+G8+G11+G12+G16+G17+G18+G19 -> 294.04758 | H2: =H3+H8+H11+H12+H16+H17+H18+H19 -> 370.47746 | I2: =I3+I8+I11+I12+I16+I17+I18+I19 -> 361.01552 | J2: =J3+J8+J11+J12+J16+J17+J18+J19 -> 404.5204 | K2: =K3+K8+K11+K12+K16+K17+K18+K19 -> 448.78003
A3: =A2 -> STEM | B3: =B2 -> SPS4 | C3: =C2 -> CH | D3: Primary Production|Wood | E3: PJ/yr. | F3: =SUM(F4:F7) -> 44.97247 | G3: =SUM(G4:G7) -> 48.190497 | H3: =SUM(H4:H7) -> 48.637978 | I3: =SUM(I4:I7) -> 48.638701 | J3: =SUM(J4:J7) -> 50.459886 | K3: =SUM(K4:K7) -> 51.034782
A4: =A3 -> STEM | B4: =B3 -> SPS4 | C4: =C3 -> CH | D4: Primary Production|Wood|Waste wood | E4: PJ/yr. | F4: {=SUMPRODUCT(("RNWWOD1"=[1]OUT_PrimaryEnergyCons!$A$1:$A$1000)*1,[1]OUT_PrimaryEnergyCons!D$1:D$1000)} -> 11.111887 | G4: {=SUMPRODUCT(("RNWWOD1"=[1]OUT_PrimaryEnergyCons!$A$1:$A$1000)*1,[1]OUT_PrimaryEnergyCons!E$1:E$1000)} -> 11.952894 | H4: {=SUMPRODUCT(("RNWWOD1"=[1]OUT_PrimaryEnergyCons!$A$1:$A$1000)*1,[1]OUT_PrimaryEnergyCons!F$1:F$1000)} -> 13.214396 | I4: {=SUMPRODUCT(("RNWWOD1"=[1]OUT_PrimaryEnergyCons!$A$1:$A$1000)*1,[1]OUT_PrimaryEnergyCons!G$1:G$1000)} -> 15.316914 | J4: {=SUMPRODUCT(("RNWWOD1"=[1]OUT_PrimaryEnergyCons!$A$1:$A$1000)*1,[1]OUT_PrimaryEnergyCons!H$1:H$1000)} -> 16.2664 | K4: {=SUMPRODUCT(("RNWWOD1"=[1]OUT_PrimaryEnergyCons!$A$1:$A$1000)*1,[1]OUT_PrimaryEnergyCons!I$1:I$1000)} -> 16.956998
A5: =A4 -> STEM | B5: =B4 -> SPS4 | C5: =C4 -> CH | D5: Primary Production|Wood|Wood residues | E5: PJ/yr. | F5: {=SUMPRODUCT(("RNWWOD2"=[1]OUT_PrimaryEnergyCons!$A$1:$A$1000)*1,[1]OUT_PrimaryEnergyCons!D$1:D$1000)} -> 7.5116807 | G5: {=SUMPRODUCT(("RNWWOD2"=[1]OUT_PrimaryEnergyCons!$A$1:$A$1000)*1,[1]OUT_PrimaryEnergyCons!E$1:E$1000)} -> 7.5431527 | H5: {=SUMPRODUCT(("RNWWOD2"=[1]OUT_PrimaryEnergyCons!$A$1:$A$1000)*1,[1]OUT_PrimaryEnergyCons!F$1:F$1000)} -> 7.5903521 | I5: {=SUMPRODUCT(("RNWWOD2"=[1]OUT_PrimaryEnergyCons!$A$1:$A$1000)*1,[1]OUT_PrimaryEnergyCons!G$1:G$1000)} -> 7.6690318 | J5: {=SUMPRODUCT(("RNWWOD2"=[1]OUT_PrimaryEnergyCons!$A$1:$A$1000)*1,[1]OUT_PrimaryEnergyCons!H$1:H$1000)} -> 7.6690315 | K5: {=SUMPRODUCT(("RNWWOD2"=[1]OUT_PrimaryEnergyCons!$A$1:$A$1000)*1,[1]OUT_PrimaryEnergyCons!I$1:I$1000)} -> 7.6690319
A6: =A5 -> STEM | B6: =B5 -> SPS4 | C6: =C5 -> CH | D6: Primary Production|Wood|Wood from landscape maintenance | E6: PJ/yr. | F6: {=SUMPRODUCT(("RNWWOD3"=[1]OUT_PrimaryEnergyCons!$A$1:$A$1000)*1,[1]OUT_PrimaryEnergyCons!D$1:D$1000)} -> 3.168255 | G6: {=SUMPRODUCT(("RNWWOD3"=[1]OUT_PrimaryEnergyCons!$A$1:$A$1000)*1,[1]OUT_PrimaryEnergyCons!E$1:E$1000)} -> 3.4956774 | H6: {=SUMPRODUCT(("RNWWOD3"=[1]OUT_PrimaryEnergyCons!$A$1:$A$1000)*1,[1]OUT_PrimaryEnergyCons!F$1:F$1000)} -> 3.9868189 | I6: {=SUMPRODUCT(("RNWWOD3"=[1]OUT_PrimaryEnergyCons!$A$1:$A$1000)*1,[1]OUT_PrimaryEnergyCons!G$1:G$1000)} -> 4.8053882 | J6: {=SUMPRODUCT(("RNWWOD3"=[1]OUT_PrimaryEnergyCons!$A$1:$A$1000)*1,[1]OUT_PrimaryEnergyCons!H$1:H$1000)} -> 4.8053877 | K6: {=SUMPRODUCT(("RNWWOD3"=[1]OUT_PrimaryEnergyCons!$A$1:$A$1000)*1,[1]OUT_PrimaryEnergyCons!I$1:I$1000)} -> 4.8053883
A7: =A6 -> STEM | B7: =B6 -> SPS4 | C7: =C6 -> CH | D7: Primary Production|Wood|Wood from Forest (hard wood) | E7: PJ/yr. | F7: {=SUMPRODUCT(("RNWWOD4"=[1]OUT_PrimaryEnergyCons!$A$1:$A$1000)*1+("RNWWOD5"=[1]OUT_PrimaryEnergyCons!$A$1:$A$1000)*1,[1]OUT_PrimaryEnergyCons!D$1:D$1000)} -> 23.180647 | G7: {=SUMPRODUCT(("RNWWOD4"=[1]OUT_PrimaryEnergyCons!$A$1:$A$1000)*1+("RNWWOD5"=[1]OUT_PrimaryEnergyCons!$A$1:$A$1000)*1,[1]OUT_PrimaryEnergyCons!E$1:E$1000)} -> 25.198773 | H7: {=SUMPRODUCT(("RNWWOD4"=[1]OUT_PrimaryEnergyCons!$A$1:$A$1000)*1+("RNWWOD5"=[1]OUT_PrimaryEnergyCons!$A$1:$A$1000)*1,[1]OUT_PrimaryEnergyCons!F$1:F$1000)} -> 23.846411 | I7: {=SUMPRODUCT(("RNWWOD4"=[1]OUT_PrimaryEnergyCons!$A$1:$A$1000)*1+("RNWWOD5"=[1]OUT_PrimaryEnergyCons!$A$1:$A$1000)*1,[1]OUT_PrimaryEnergyCons!G$1:G$1000)} -> 20.847367 | J7: {=SUMPRODUCT(("RNWWOD4"=[1]OUT_PrimaryEnergyCons!$A$1:$A$1000)*1+("RNWWOD5"=[1]OUT_PrimaryEnergyCons!$A$1:$A$1000)*1,[1]OUT_PrimaryEnergyCons!H$1:H$1000)} -> 21.719066 | K7: {=SUMPRODUCT(("RNWWOD4"=[1]OUT_PrimaryEnergyCons!$A$1:$A$1000)*1+("RNWWOD5"=[1]OUT_PrimaryEnergyCons!$A$1:$A$1000)*1,[1]OUT_PrimaryEnergyCons!I$1:I$1000)} -> 21.603365
A8: =A7 -> STEM | B8: =B7 -> SPS4 | C8: =C7 -> CH | D8: Primary Production|Waste | E8: PJ/yr. | F8: =SUM(F9:F10) -> 70.031584 | G8: =SUM(G9:G10) -> 70.696312 | H8: =SUM(H9:H10) -> 70.303401 | I8: =SUM(I9:I10) -> 69.853894 | J8: =SUM(J9:J10) -> 69.982193 | K8: =SUM(K9:K10) -> 75.481916
A9: =A8 -> STEM | B9: =B8 -> SPS4 | C9: =C8 -> CH | D9: Primary Production|Waste|Non renewable waste | E9: PJ/yr. | F9: {=SUMPRODUCT(("RNNWWST1"=[1]OUT_PrimaryEnergyCons!$A$1:$A$1000)*1,[1]OUT_PrimaryEnergyCons!D$1:D$1000)} -> 35.931127 | G9: {=SUMPRODUCT(("RNNWWST1"=[1]OUT_PrimaryEnergyCons!$A$1:$A$1000)*1,[1]OUT_PrimaryEnergyCons!E$1:E$1000)} -> 35.882388 | H9: {=SUMPRODUCT(("RNNWWST1"=[1]OUT_PrimaryEnergyCons!$A$1:$A$1000)*1,[1]OUT_PrimaryEnergyCons!F$1:F$1000)} -> 35.489465 | I9: {=SUMPRODUCT(("RNNWWST1"=[1]OUT_PrimaryEnergyCons!$A$1:$A$1000)*1,[1]OUT_PrimaryEnergyCons!G$1:G$1000)} -> 35.039966 | J9: {=SUMPRODUCT(("RNNWWST1"=[1]OUT_PrimaryEnergyCons!$A$1:$A$1000)*1,[1]OUT_PrimaryEnergyCons!H$1:H$1000)} -> 35.159452 | K9: {=SUMPRODUCT(("RNNWWST1"=[1]OUT_PrimaryEnergyCons!$A$1:$A$1000)*1,[1]OUT_PrimaryEnergyCons!I$1:I$1000)} -> 35.603176
A10: =A9 -> STEM | B10: =B9 -> SPS4 | C10: =C9 -> CH | D10: Primary Production|Waste|Renewable waste | E10: PJ/yr. | F10: {=SUMPRODUCT(("RNWWST1"=[1]OUT_PrimaryEnergyCons!$A$1:$A$1000)*1,[1]OUT_PrimaryEnergyCons!D$1:D$1000)} -> 34.100457 | G10: {=SUMPRODUCT(("RNWWST1"=[1]OUT_PrimaryEnergyCons!$A$1:$A$1000)*1,[1]OUT_PrimaryEnergyCons!E$1:E$1000)} -> 34.813924 | H10: {=SUMPRODUCT(("RNWWST1"=[1]OUT_PrimaryEnergyCons!$A$1:$A$1000)*1,[1]OUT_PrimaryEnergyCons!F$1:F$1000)} -> 34.813936 | I10: {=SUMPRODUCT(("RNWWST1"=[1]OUT_PrimaryEnergyCons!$A$1:$A$1000)*1,[1]OUT_PrimaryEnergyCons!G$1:G$1000)} -> 34.813928 | J10: {=SUMPRODUCT(("RNWWST1"=[1]OUT_PrimaryEnergyCons!$A$1:$A$1000)*1,[1]OUT_PrimaryEnergyCons!H$1:H$1000)} -> 34.822741 | K10: {=SUMPRODUCT(("RNWWST1"=[1]OUT_PrimaryEnergyCons!$A$1:$A$1000)*1,[1]OUT_PrimaryEnergyCons!I$1:I$1000)} -> 39.87874
A11: =A10 -> STEM | B11: =B10 -> SPS4 | C11: =C10 -> CH | D11: Primary Production|Manure | E11: PJ/yr. | F11: {=SUMPRODUCT(("mnr"=[1]OUT_PrimaryEnergyCons!$C$1:$C$1000)*1,[1]OUT_PrimaryEnergyCons!D$1:D$1000)} -> 3.7981061 | G11: {=SUMPRODUCT(("mnr"=[1]OUT_PrimaryEnergyCons!$C$1:$C$1000)*1,[1]OUT_PrimaryEnergyCons!E$1:E$1000)} -> 10.707989 | H11: {=SUMPRODUCT(("mnr"=[1]OUT_PrimaryEnergyCons!$C$1:$C$1000)*1,[1]OUT_PrimaryEnergyCons!F$1:F$1000)} -> 12.540099 | I11: {=SUMPRODUCT(("mnr"=[1]OUT_PrimaryEnergyCons!$C$1:$C$1000)*1,[1]OUT_PrimaryEnergyCons!G$1:G$1000)} -> 12.540427 | J11: {=SUMPRODUCT(("mnr"=[1]OUT_PrimaryEnergyCons!$C$1:$C$1000)*1,[1]OUT_PrimaryEnergyCons!H$1:H$1000)} -> 14.623727 | K11: {=SUMPRODUCT(("mnr"=[1]OUT_PrimaryEnergyCons!$C$1:$C$1000)*1,[1]OUT_PrimaryEnergyCons!I$1:I$1000)} -> 18.811312
A12: =A11 -> STEM | B12: =B11 -> SPS4 | C12: =C11 -> CH | D12: Primary Production|Hydro | E12: PJ/yr. | F12: =SUM(F13:F15) -> 149.43049 | G12: =SUM(G13:G15) -> 125.60595 | H12: =SUM(H13:H15) -> 177.6524 | I12: =SUM(I13:I15) -> 150.46034 | J12: =SUM(J13:J15) -> 150.73421 | K12: =SUM(K13:K15) -> 150.96379
A13: =A12 -> STEM | B13: =B12 -> SPS4 | C13: =C12 -> CH | D13: Primary Production|Hydro|Large hydro | E13: PJ/yr. | F13: {=SUMPRODUCT(ISNUMBER(SEARCH("EHYD-DAM",[1]OUT_Electricity_CHP!$B$1:$B$10000))*1,([1]OUT_Electricity_CHP!$C$1:$C$10000="Var_Fout")*1,ISNUMBER(SEARCH("ELC",[1]OUT_Electricity_CHP!$D$1:$D$10000))*1,[1]OUT_Electricity_CHP!E$1:E$10000)} -> 66.74568 | G13: {=SUMPRODUCT(ISNUMBER(SEARCH("EHYD-DAM",[1]OUT_Electricity_CHP!$B$1:$B$10000))*1,([1]OUT_Electricity_CHP!$C$1:$C$10000="Var_Fout")*1,ISNUMBER(SEARCH("ELC",[1]OUT_Electricity_CHP!$D$1:$D$10000))*1,[1]OUT_Electricity_CHP!F$1:F$10000)} -> 49.798802 | H13: {=SUMPRODUCT(ISNUMBER(SEARCH("EHYD-DAM",[1]OUT_Electricity_CHP!$B$1:$B$10000))*1,([1]OUT_Electricity_CHP!$C$1:$C$10000="Var_Fout")*1,ISNUMBER(SEARCH("ELC",[1]OUT_Electricity_CHP!$D$1:$D$10000))*1,[1]OUT_Electricity_CHP!G$1:G$10000)} -> 68.534388 | I13: {=SUMPRODUCT(ISNUMBER(SEARCH("EHYD-DAM",[1]OUT_Electricity_CHP!$B$1:$B$10000))*1,([1]OUT_Electricity_CHP!$C$1:$C$10000="Var_Fout")*1,ISNUMBER(SEARCH("ELC",[1]OUT_Electricity_CHP!$D$1:$D$10000))*1,[1]OUT_Electricity_CHP!H$1:H$10000)} -> 70.342916 | J13: {=SUMPRODUCT(ISNUMBER(SEARCH("EHYD-DAM",[1]OUT_Electricity_CHP!$B$1:$B$10000))*1,([1]OUT_Electricity_CHP!$C$1:$C$10000="Var_Fout")*1,ISNUMBER(SEARCH("ELC",[1]OUT_Electricity_CHP!$D$1:$D$10000))*1,[1]OUT_Electricity_CHP!I$1:I$10000)} -> 72.511307 | K13: {=SUMPRODUCT(ISNUMBER(SEARCH("EHYD-DAM",[1]OUT_Electricity_CHP!$B$1:$B$10000))*1,([1]OUT_Electricity_CHP!$C$1:$C$10000="Var_Fout")*1,ISNUMBER(SEARCH("ELC",[1]OUT_Electricity_CHP!$D$1:$D$10000))*1,[1]OUT_Electricity_CHP!J$1:J$10000)} -> 74.680996
A14: =A13 -> STEM | B14: =B13 -> SPS4 | C14: =C13 -> CH | D14: Primary Production|Hydro|Run-of-river hydro | E14: PJ/yr. | F14: {=SUMPRODUCT(ISNUMBER(SEARCH("EHYD-RUN",[1]OUT_Electricity_CHP!$B$1:$B$10000))*1,([1]OUT_Electricity_CHP!$C$1:$C$10000="Var_Fout")*1,ISNUMBER(SEARCH("ELC",[1]OUT_Electricity_CHP!$D$1:$D$10000))*1,[1]OUT_Electricity_CHP!E$1:E$10000)} -> 66.632401 | G14: {=SUMPRODUCT(ISNUMBER(SEARCH("EHYD-RUN",[1]OUT_Electricity_CHP!$B$1:$B$10000))*1,([1]OUT_Electricity_CHP!$C$1:$C$10000="Var_Fout")*1,ISNUMBER(SEARCH("ELC",[1]OUT_Electricity_CHP!$D$1:$D$10000))*1,[1]OUT_Electricity_CHP!F$1:F$10000)} -> 55.764005 | H14: {=SUMPRODUCT(ISNUMBER(SEARCH("EHYD-RUN",[1]OUT_Electricity_CHP!$B$1:$B$10000))*1,([1]OUT_Electricity_CHP!$C$1:$C$10000="Var_Fout")*1,ISNUMBER(SEARCH("ELC",[1]OUT_Electricity_CHP!$D$1:$D$10000))*1,[1]OUT_Electricity_CHP!G$1:G$10000)} -> 65.550962 | I14: {=SUMPRODUCT(ISNUMBER(SEARCH("EHYD-RUN",[1]OUT_Electricity_CHP!$B$1:$B$10000))*1,([1]OUT_Electricity_CHP!$C$1:$C$10000="Var_Fout")*1,ISNUMBER(SEARCH("ELC",[1]OUT_Electricity_CHP!$D$1:$D$10000))*1,[1]OUT_Electricity_CHP!H$1:H$10000)} -> 64.468038 | J14: {=SUMPRODUCT(ISNUMBER(SEARCH("EHYD-RUN",[1]OUT_Electricity_CHP!$B$1:$B$10000))*1,([1]OUT_Electricity_CHP!$C$1:$C$10000="Var_Fout")*1,ISNUMBER(SEARCH("ELC",[1]OUT_Electricity_CHP!$D$1:$D$10000))*1,[1]OUT_Electricity_CHP!I$1:I$10000)} -> 62.299669 | K14: {=SUMPRODUCT(ISNUMBER(SEARCH("EHYD-RUN",[1]OUT_Electricity_CHP!$B$1:$B$10000))*1,([1]OUT_Electricity_CHP!$C$1:$C$10000="Var_Fout")*1,ISNUMBER(SEARCH("ELC",[1]OUT_Electricity_CHP!$D$1:$D$10000))*1,[1]OUT_Electricity_CHP!J$1:J$10000)} -> 60.129977
A15: =A14 -> STEM | B15: =B14 -> SPS4 | C15: =C14 -> CH | D15: Primary Production|Hydro|Pump storage | E15: PJ/yr. | F15: {=SUMPRODUCT(ISNUMBER(SEARCH("EHYD-PUM",[1]OUT_Electricity_CHP!$B$1:$B$10000))*1,([1]OUT_Electricity_CHP!$C$1:$C$10000="Var_Fin")*1,ISNUMBER(SEARCH("elc",[1]OUT_Electricity_CHP!$D$1:$D$10000))*1,[1]OUT_Electricity_CHP!E$1:E$10000)} -> 16.052406 | G15: {=SUMPRODUCT(ISNUMBER(SEARCH("EHYD-PUM",[1]OUT_Electricity_CHP!$B$1:$B$10000))*1,([1]OUT_Electricity_CHP!$C$1:$C$10000="Var_Fin")*1,ISNUMBER(SEARCH("elc",[1]OUT_Electricity_CHP!$D$1:$D$10000))*1,[1]OUT_Electricity_CHP!F$1:F$10000)} -> 20.043139 | H15: {=SUMPRODUCT(ISNUMBER(SEARCH("EHYD-PUM",[1]OUT_Electricity_CHP!$B$1:$B$10000))*1,([1]OUT_Electricity_CHP!$C$1:$C$10000="Var_Fin")*1,ISNUMBER(SEARCH("elc",[1]OUT_Electricity_CHP!$D$1:$D$10000))*1,[1]OUT_Electricity_CHP!G$1:G$10000)} -> 43.56705 | I15: {=SUMPRODUCT(ISNUMBER(SEARCH("EHYD-PUM",[1]OUT_Electricity_CHP!$B$1:$B$10000))*1,([1]OUT_Electricity_CHP!$C$1:$C$10000="Var_Fin")*1,ISNUMBER(SEARCH("elc",[1]OUT_Electricity_CHP!$D$1:$D$10000))*1,[1]OUT_Electricity_CHP!H$1:H$10000)} -> 15.649389 | J15: {=SUMPRODUCT(ISNUMBER(SEARCH("EHYD-PUM",[1]OUT_Electricity_CHP!$B$1:$B$10000))*1,([1]OUT_Electricity_CHP!$C$1:$C$10000="Var_Fin")*1,ISNUMBER(SEARCH("elc",[1]OUT_Electricity_CHP!$D$1:$D$10000))*1,[1]OUT_Electricity_CHP!I$1:I$10000)} -> 15.923232 | K15: {=SUMPRODUCT(ISNUMBER(SEARCH("EHYD-PUM",[1]OUT_Electricity_CHP!$B$1:$B$10000))*1,([1]OUT_Electricity_CHP!$C$1:$C$10000="Var_Fin")*1,ISNUMBER(SEARCH("elc",[1]OUT_Electricity_CHP!$D$1:$D$10000))*1,[1]OUT_Electricity_CHP!J$1:J$10000)} -> 16.152819
A16: =A15 -> STEM | B16: =B15 -> SPS4 | C16: =C15 -> CH | D16: Primary Production|Solar | E16: PJ/yr. | F16: {=SUMPRODUCT(ISNUMBER(SEARCH("SOL",[1]OUT_PrimaryEnergyCons!$C$1:$C$1000))*1,[1]OUT_PrimaryEnergyCons!D$1:D$1000)} -> 12.556533 | G16: {=SUMPRODUCT(ISNUMBER(SEARCH("SOL",[1]OUT_PrimaryEnergyCons!$C$1:$C$1000))*1,[1]OUT_PrimaryEnergyCons!E$1:E$1000)} -> 16.523564 | H16: {=SUMPRODUCT(ISNUMBER(SEARCH("SOL",[1]OUT_PrimaryEnergyCons!$C$1:$C$1000))*1,[1]OUT_PrimaryEnergyCons!F$1:F$1000)} -> 30.349278 | I16: {=SUMPRODUCT(ISNUMBER(SEARCH("SOL",[1]OUT_PrimaryEnergyCons!$C$1:$C$1000))*1,[1]OUT_PrimaryEnergyCons!G$1:G$1000)} -> 32.983451 | J16: {=SUMPRODUCT(ISNUMBER(SEARCH("SOL",[1]OUT_PrimaryEnergyCons!$C$1:$C$1000))*1,[1]OUT_PrimaryEnergyCons!H$1:H$1000)} -> 53.078283 | K16: {=SUMPRODUCT(ISNUMBER(SEARCH("SOL",[1]OUT_PrimaryEnergyCons!$C$1:$C$1000))*1,[1]OUT_PrimaryEnergyCons!I$1:I$1000)} -> 67.519132
A17: =A16 -> STEM | B17: =B16 -> SPS4 | C17: =C16 -> CH | D17: Primary Production|Wind | E17: PJ/yr. | F17: {=SUMPRODUCT(ISNUMBER(SEARCH("wnd",[1]OUT_PrimaryEnergyCons!$C$1:$C$1000))*1,[1]OUT_PrimaryEnergyCons!D$1:D$1000)} -> 0.5240291 | G17: {=SUMPRODUCT(ISNUMBER(SEARCH("wnd",[1]OUT_PrimaryEnergyCons!$C$1:$C$1000))*1,[1]OUT_PrimaryEnergyCons!E$1:E$1000)} -> 0.54529607 | H17: {=SUMPRODUCT(ISNUMBER(SEARCH("wnd",[1]OUT_PrimaryEnergyCons!$C$1:$C$1000))*1,[1]OUT_PrimaryEnergyCons!F$1:F$1000)} -> 0.50316867 | I17: {=SUMPRODUCT(ISNUMBER(SEARCH("wnd",[1]OUT_PrimaryEnergyCons!$C$1:$C$1000))*1,[1]OUT_PrimaryEnergyCons!G$1:G$1000)} -> 0.88472649 | J17: {=SUMPRODUCT(ISNUMBER(SEARCH("wnd",[1]OUT_PrimaryEnergyCons!$C$1:$C$1000))*1,[1]OUT_PrimaryEnergyCons!H$1:H$1000)} -> 0.79253689 | K17: {=SUMPRODUCT(ISNUMBER(SEARCH("wnd",[1]OUT_PrimaryEnergyCons!$C$1:$C$1000))*1,[1]OUT_PrimaryEnergyCons!I$1:I$1000)} -> 3.187155
A18: =A17 -> STEM | B18: =B17 -> SPS4 | C18: =C17 -> CH | D18: Primary Production|Ambient heat | E18: PJ/yr. | F18: =[1]Overview!B$9-F19 -> 18.873179 | G18: =[1]Overview!C$9-G19 -> 21.777979 | H18: =[1]Overview!D$9-H19 -> 30.491133 | I18: =[1]Overview!E$9-I19 -> 45.653976 | J18: =[1]Overview!F$9-J19 -> 64.824973 | K18: =[1]Overview!G$9-K19 -> 81.625331
A19: =A18 -> STEM | B19: =B18 -> SPS4 | C19: =C18 -> CH | D19: Primary Production|Geothermal | E19: PJ/yr. | F19: =+[1]Overview!B$28 -> 0 | G19: =+[1]Overview!C$28 -> 0 | H19: =+[1]Overview!D$28 -> 0 | I19: =+[1]Overview!E$28 -> 0 | J19: =+[1]Overview!F$28 -> 0.024592488 | K19: =+[1]Overview!G$28 -> 0.15660538
A20: =A19 -> STEM | B20: =B19 -> SPS4 | C20: =C19 -> CH | D20: Imports | E20: PJ/yr. | F20: =SUM(F21:F22,F39,F48:F49,F54) -> 779.50558 | G20: =SUM(G21:G22,G39,G48:G49,G54) -> 702.13551 | H20: =SUM(H21:H22,H39,H48:H49,H54) -> 629.06586 | I20: =SUM(I21:I22,I39,I48:I49,I54) -> 569.10916 | J20: =SUM(J21:J22,J39,J48:J49,J54) -> 370.77429 | K20: =SUM(K21:K22,K39,K48:K49,K54) -> 236.54661
A21: =A20 -> STEM | B21: =B20 -> SPS4 | C21: =C20 -> CH | D21: Imports|Coal | E21: PJ/yr. | F21: {=SUMPRODUCT(("COA"=[1]OUT_PrimaryEnergyCons!$C$4:$C$10000)*1,[1]OUT_PrimaryEnergyCons!D$4:D$10000)} -> 3.6600242 | G21: {=SUMPRODUCT(("COA"=[1]OUT_PrimaryEnergyCons!$C$4:$C$10000)*1,[1]OUT_PrimaryEnergyCons!E$4:E$10000)} -> 3.5647235 | H21: {=SUMPRODUCT(("COA"=[1]OUT_PrimaryEnergyCons!$C$4:$C$10000)*1,[1]OUT_PrimaryEnergyCons!F$4:F$10000)} -> 3.2533416 | I21: {=SUMPRODUCT(("COA"=[1]OUT_PrimaryEnergyCons!$C$4:$C$10000)*1,[1]OUT_PrimaryEnergyCons!G$4:G$10000)} -> 0.0067059312 | J21: {=SUMPRODUCT(("COA"=[1]OUT_PrimaryEnergyCons!$C$4:$C$10000)*1,[1]OUT_PrimaryEnergyCons!H$4:H$10000)} -> 0.00063286741 | K21: {=SUMPRODUCT(("COA"=[1]OUT_PrimaryEnergyCons!$C$4:$C$10000)*1,[1]OUT_PrimaryEnergyCons!I$4:I$10000)} -> 0.00034793621
A22: =A21 -> STEM | B22: =B21 -> SPS4 | C22: =C21 -> CH | D22: Imports|Oil | E22: PJ/yr. | F22: =F23+F29 -> 310.65474 | G22: =G23+G29 -> 287.759 | H22: =H23+H29 -> 263.34573 | I22: =I23+I29 -> 201.77973 | J22: =J23+J29 -> 131.57517 | K22: =K23+K29 -> 99.259028
A23: =A22 -> STEM | B23: =B22 -> SPS4 | C23: =C22 -> CH | D23: Imports|Oil|Fossil liquids | E23: PJ/yr. | F23: =SUM(F24:F28) -> 303.87158 | G23: =SUM(G24:G28) -> 280.98437 | H23: =SUM(H24:H28) -> 256.05488 | I23: =SUM(I24:I28) -> 189.96463 | J23: =SUM(J24:J28) -> 119.79585 | K23: =SUM(K24:K28) -> 88.040874
A24: =A22 -> STEM | B24: =B23 -> SPS4 | C24: =C22 -> CH | D24: Imports|Oil|Fossil liquids|Light fuel oil | E24: PJ/yr. | F24: {=SUMPRODUCT(("LFO"=[1]OUT_PrimaryEnergyCons!$C$4:$C$10000)*1,[1]OUT_PrimaryEnergyCons!D$4:D$10000)} -> 101.74113 | G24: {=SUMPRODUCT(("LFO"=[1]OUT_PrimaryEnergyCons!$C$4:$C$10000)*1,[1]OUT_PrimaryEnergyCons!E$4:E$10000)} -> 88.340537 | H24: {=SUMPRODUCT(("LFO"=[1]OUT_PrimaryEnergyCons!$C$4:$C$10000)*1,[1]OUT_PrimaryEnergyCons!F$4:F$10000)} -> 85.82086 | I24: {=SUMPRODUCT(("LFO"=[1]OUT_PrimaryEnergyCons!$C$4:$C$10000)*1,[1]OUT_PrimaryEnergyCons!G$4:G$10000)} -> 59.651706 | J24: {=SUMPRODUCT(("LFO"=[1]OUT_PrimaryEnergyCons!$C$4:$C$10000)*1,[1]OUT_PrimaryEnergyCons!H$4:H$10000)} -> 31.795464 | K24: {=SUMPRODUCT(("LFO"=[1]OUT_PrimaryEnergyCons!$C$4:$C$10000)*1,[1]OUT_PrimaryEnergyCons!I$4:I$10000)} -> 11.092309
A25: =A24 -> STEM | B25: =B24 -> SPS4 | C25: =C24 -> CH | D25: Imports|Oil|Fossil liquids|Heavy fuel oil | E25: PJ/yr. | F25: {=SUMPRODUCT(("HFO"=[1]OUT_PrimaryEnergyCons!$C$4:$C$10000)*1,[1]OUT_PrimaryEnergyCons!D$4:D$10000)} -> 2.7763884 | G25: {=SUMPRODUCT(("HFO"=[1]OUT_PrimaryEnergyCons!$C$4:$C$10000)*1,[1]OUT_PrimaryEnergyCons!E$4:E$10000)} -> 2.6376027 | H25: {=SUMPRODUCT(("HFO"=[1]OUT_PrimaryEnergyCons!$C$4:$C$10000)*1,[1]OUT_PrimaryEnergyCons!F$4:F$10000)} -> 0.0032777617 | I25: {=SUMPRODUCT(("HFO"=[1]OUT_PrimaryEnergyCons!$C$4:$C$10000)*1,[1]OUT_PrimaryEnergyCons!G$4:G$10000)} -> 0.00059545448 | J25: {=SUMPRODUCT(("HFO"=[1]OUT_PrimaryEnergyCons!$C$4:$C$10000)*1,[1]OUT_PrimaryEnergyCons!H$4:H$10000)} -> 0.00070543166 | K25: {=SUMPRODUCT(("HFO"=[1]OUT_PrimaryEnergyCons!$C$4:$C$10000)*1,[1]OUT_PrimaryEnergyCons!I$4:I$10000)} -> 0
A26: =A25 -> STEM | B26: =B25 -> SPS4 | C26: =C25 -> CH | D26: Imports|Oil|Fossil liquids|Motor Diesel | E26: PJ/yr. | F26: {=SUMPRODUCT(("DSL"=[1]OUT_PrimaryEnergyCons!$C$4:$C$10000)*1,[1]OUT_PrimaryEnergyCons!D$4:D$10000)} -> 118.3678 | G26: {=SUMPRODUCT(("DSL"=[1]OUT_PrimaryEnergyCons!$C$4:$C$10000)*1,[1]OUT_PrimaryEnergyCons!E$4:E$10000)} -> 112.68604 | H26: {=SUMPRODUCT(("DSL"=[1]OUT_PrimaryEnergyCons!$C$4:$C$10000)*1,[1]OUT_PrimaryEnergyCons!F$4:F$10000)} -> 96.183443 | I26: {=SUMPRODUCT(("DSL"=[1]OUT_PrimaryEnergyCons!$C$4:$C$10000)*1,[1]OUT_PrimaryEnergyCons!G$4:G$10000)} -> 72.099065 | J26: {=SUMPRODUCT(("DSL"=[1]OUT_PrimaryEnergyCons!$C$4:$C$10000)*1,[1]OUT_PrimaryEnergyCons!H$4:H$10000)} -> 48.97925 | K26: {=SUMPRODUCT(("DSL"=[1]OUT_PrimaryEnergyCons!$C$4:$C$10000)*1,[1]OUT_PrimaryEnergyCons!I$4:I$10000)} -> 48.013922
A27: =A26 -> STEM | B27: =B26 -> SPS4 | C27: =C26 -> CH | D27: Imports|Oil|Fossil liquids|Motor Gasoline | E27: PJ/yr. | F27: {=SUMPRODUCT(("GSL"=[1]OUT_PrimaryEnergyCons!$C$4:$C$10000)*1,[1]OUT_PrimaryEnergyCons!D$4:D$10000)} -> 79.877962 | G27: {=SUMPRODUCT(("GSL"=[1]OUT_PrimaryEnergyCons!$C$4:$C$10000)*1,[1]OUT_PrimaryEnergyCons!E$4:E$10000)} -> 75.914995 | H27: {=SUMPRODUCT(("GSL"=[1]OUT_PrimaryEnergyCons!$C$4:$C$10000)*1,[1]OUT_PrimaryEnergyCons!F$4:F$10000)} -> 72.199644 | I27: {=SUMPRODUCT(("GSL"=[1]OUT_PrimaryEnergyCons!$C$4:$C$10000)*1,[1]OUT_PrimaryEnergyCons!G$4:G$10000)} -> 55.649079 | J27: {=SUMPRODUCT(("GSL"=[1]OUT_PrimaryEnergyCons!$C$4:$C$10000)*1,[1]OUT_PrimaryEnergyCons!H$4:H$10000)} -> 37.863787 | K27: {=SUMPRODUCT(("GSL"=[1]OUT_PrimaryEnergyCons!$C$4:$C$10000)*1,[1]OUT_PrimaryEnergyCons!I$4:I$10000)} -> 28.179487
A28: =A27 -> STEM | B28: =B27 -> SPS4 | C28: =C27 -> CH | D28: Imports|Oil|Fossil liquids|Kerosene (excl. international aviation) | E28: PJ/yr. | F28: {=SUMPRODUCT(("KER"=[1]OUT_PrimaryEnergyCons!$C$4:$C$10000)*1,[1]OUT_PrimaryEnergyCons!D$4:D$10000)} -> 1.1082891 | G28: {=SUMPRODUCT(("KER"=[1]OUT_PrimaryEnergyCons!$C$4:$C$10000)*1,[1]OUT_PrimaryEnergyCons!E$4:E$10000)} -> 1.4051978 | H28: {=SUMPRODUCT(("KER"=[1]OUT_PrimaryEnergyCons!$C$4:$C$10000)*1,[1]OUT_PrimaryEnergyCons!F$4:F$10000)} -> 1.8476578 | I28: {=SUMPRODUCT(("KER"=[1]OUT_PrimaryEnergyCons!$C$4:$C$10000)*1,[1]OUT_PrimaryEnergyCons!G$4:G$10000)} -> 2.5641854 | J28: {=SUMPRODUCT(("KER"=[1]OUT_PrimaryEnergyCons!$C$4:$C$10000)*1,[1]OUT_PrimaryEnergyCons!H$4:H$10000)} -> 1.1566401 | K28: {=SUMPRODUCT(("KER"=[1]OUT_PrimaryEnergyCons!$C$4:$C$10000)*1,[1]OUT_PrimaryEnergyCons!I$4:I$10000)} -> 0.7551565
A29: =A48 -> STEM | B29: =B28 -> SPS4 | C29: =C48 -> CH | D29: Imports|Oil|Synthetic liquids | E29: PJ/yr. | F29: =SUM(F30:F31) -> 6.7831657 | G29: =SUM(G30:G31) -> 6.7746315 | H29: =SUM(H30:H31) -> 7.2908516 | I29: =SUM(I30:I31) -> 11.815097 | J29: =SUM(J30:J31) -> 11.779319 | K29: =SUM(K30:K31) -> 11.218154
A30: =A35 -> STEM | B30: =B29 -> SPS4 | C30: =C35 -> CH | D30: Imports|Oil|Synthetic liquids|Total|Motor diesel | E30: PJ/yr. | F30: {=SUMPRODUCT(ISNUMBER(SEARCH("IMPBDS",[1]OUT_SyntheticFuels!$C$4:$C$1000))*1,("Var_Fout"=[1]OUT_SyntheticFuels!$B$4:$B$1000)*1,[1]OUT_SyntheticFuels!E$4:E$1000)} -> 2.3490129 | G30: {=SUMPRODUCT(ISNUMBER(SEARCH("IMPBDS",[1]OUT_SyntheticFuels!$C$4:$C$1000))*1,("Var_Fout"=[1]OUT_SyntheticFuels!$B$4:$B$1000)*1,[1]OUT_SyntheticFuels!F$4:F$1000)} -> 2.3780131 | H30: {=SUMPRODUCT(ISNUMBER(SEARCH("IMPBDS",[1]OUT_SyntheticFuels!$C$4:$C$1000))*1,("Var_Fout"=[1]OUT_SyntheticFuels!$B$4:$B$1000)*1,[1]OUT_SyntheticFuels!G$4:G$1000)} -> 3.3165252 | I30: {=SUMPRODUCT(ISNUMBER(SEARCH("IMPBDS",[1]OUT_SyntheticFuels!$C$4:$C$1000))*1,("Var_Fout"=[1]OUT_SyntheticFuels!$B$4:$B$1000)*1,[1]OUT_SyntheticFuels!H$4:H$1000)} -> 8.5905973 | J30: {=SUMPRODUCT(ISNUMBER(SEARCH("IMPBDS",[1]OUT_SyntheticFuels!$C$4:$C$1000))*1,("Var_Fout"=[1]OUT_SyntheticFuels!$B$4:$B$1000)*1,[1]OUT_SyntheticFuels!I$4:I$1000)} -> 9.5861026 | K30: {=SUMPRODUCT(ISNUMBER(SEARCH("IMPBDS",[1]OUT_SyntheticFuels!$C$4:$C$1000))*1,("Var_Fout"=[1]OUT_SyntheticFuels!$B$4:$B$1000)*1,[1]OUT_SyntheticFuels!J$4:J$1000)} -> 9.5857773
A31: =A30 -> STEM | B31: =B30 -> SPS4 | C31: =C30 -> CH | D31: Imports|Oil|Synthetic liquids|Total|Motor Gasoline | E31: PJ/yr. | F31: {=SUMPRODUCT(ISNUMBER(SEARCH("IMPeth",[1]OUT_SyntheticFuels!$C$4:$C$1000))*1,("Var_Fout"=[1]OUT_SyntheticFuels!$B$4:$B$1000)*1,[1]OUT_SyntheticFuels!E$4:E$1000)} -> 4.4341528 | G31: {=SUMPRODUCT(ISNUMBER(SEARCH("IMPeth",[1]OUT_SyntheticFuels!$C$4:$C$1000))*1,("Var_Fout"=[1]OUT_SyntheticFuels!$B$4:$B$1000)*1,[1]OUT_SyntheticFuels!F$4:F$1000)} -> 4.3966184 | H31: {=SUMPRODUCT(ISNUMBER(SEARCH("IMPeth",[1]OUT_SyntheticFuels!$C$4:$C$1000))*1,("Var_Fout"=[1]OUT_SyntheticFuels!$B$4:$B$1000)*1,[1]OUT_SyntheticFuels!G$4:G$1000)} -> 3.9743264 | I31: {=SUMPRODUCT(ISNUMBER(SEARCH("IMPeth",[1]OUT_SyntheticFuels!$C$4:$C$1000))*1,("Var_Fout"=[1]OUT_SyntheticFuels!$B$4:$B$1000)*1,[1]OUT_SyntheticFuels!H$4:H$1000)} -> 3.2245001 | J31: {=SUMPRODUCT(ISNUMBER(SEARCH("IMPeth",[1]OUT_SyntheticFuels!$C$4:$C$1000))*1,("Var_Fout"=[1]OUT_SyntheticFuels!$B$4:$B$1000)*1,[1]OUT_SyntheticFuels!I$4:I$1000)} -> 2.1932164 | K31: {=SUMPRODUCT(ISNUMBER(SEARCH("IMPeth",[1]OUT_SyntheticFuels!$C$4:$C$1000))*1,("Var_Fout"=[1]OUT_SyntheticFuels!$B$4:$B$1000)*1,[1]OUT_SyntheticFuels!J$4:J$1000)} -> 1.6323764
A32: =A29 -> STEM | B32: =B31 -> SPS4 | C32: =C29 -> CH | D32: Imports|Oil|Synthetic liquids|Bioliquids|Total | E32: PJ/yr. | F32: =SUM(F33:F34) -> 6.7831657 | G32: =SUM(G33:G34) -> 6.7746315 | H32: =SUM(H33:H34) -> 7.2908516 | I32: =SUM(I33:I34) -> 11.815097 | J32: =SUM(J33:J34) -> 10.783814 | K32: =SUM(K33:K34) -> 11.218154
A33: =A31 -> STEM | B33: =B32 -> SPS4 | C33: =C31 -> CH | D33: Imports|Oil|Synthetic liquids|Bioliquids|Biodiesel | E33: PJ/yr. | F33: =F30 -> 2.3490129 | G33: =G30 -> 2.3780131 | H33: =H30 -> 3.3165252 | I33: =I30 -> 8.5905973 | J33: =IF(J30-MAX(F30:I30)<0,J30,MAX(F30:I30)) -> 8.5905973 | K33: =IF(K30-MAX(F30:J30)<0,K30,MAX(F30:J30)) -> 9.5857773
A34: =A33 -> STEM | B34: =B33 -> SPS4 | C34: =C33 -> CH | D34: Imports|Oil|Synthetic liquids|Bioliquids|Ethanol | E34: PJ/yr. | F34: =F31 -> 4.4341528 | G34: =G31 -> 4.3966184 | H34: =H31 -> 3.9743264 | I34: =I31 -> 3.2245001 | J34: =IF(J31-MAX(F31:I31)<0,J31,MAX(F31:I31)) -> 2.1932164 | K34: =IF(K31-MAX(F31:J31)<0,K31,MAX(F31:J31)) -> 1.6323764
A35: =A32 -> STEM | B35: =B34 -> SPS4 | C35: =C32 -> CH | D35: Imports|Oil|Synthetic liquids|PtL | E35: PJ/yr. | F35: =SUM(F36:F37) -> 0 | G35: =SUM(G36:G37) -> 0 | H35: =SUM(H36:H37) -> 0 | I35: =SUM(I36:I37) -> 0 | J35: =SUM(J36:J37) -> 0.99550526 | K35: =SUM(K36:K37) -> 0
A36: =A34 -> STEM | B36: =B35 -> SPS4 | C36: =C34 -> CH | D36: Imports|Oil|Synthetic liquids|PtL|PtL Diesel | E36: PJ/yr. | F36: 0 | G36: 0 | H36: 0 | I36: 0 | J36: =J30-J33 -> 0.99550526 | K36: =K30-K33 -> 0
A37: =A36 -> STEM | B37: =B36 -> SPS4 | C37: =C36 -> CH | D37: Imports|Oil|Synthetic liquids|PtL|PtL Gasoline | E37: PJ/yr. | F37: 0 | G37: 0 | H37: 0 | I37: 0 | J37: =J31-J34 -> 0 | K37: =K31-K34 -> 0
B38: =B37 -> SPS4 | C38: =C37 -> CH | D38: Imports|Oil|Synthetic liquids|PtL|PtL Kerosene | E38: PJ/yr. | F38: 0 | G38: 0 | H38: 0 | I38: 0 | J38: 0 | K38: 0
A39: =A28 -> STEM | B39: =B38 -> SPS4 | C39: =C28 -> CH | D39: Imports|Gas | E39: PJ/yr. | F39: =F40+F43 -> 117.08258 | G39: =G40+G43 -> 107.23651 | H39: =H40+H43 -> 105.92888 | I39: =I40+I43 -> 104.68228 | J39: =J40+J43 -> 97.067455 | K39: =K40+K43 -> 100.07798
A40: =A29 -> STEM | B40: =B39 -> SPS4 | C40: =C29 -> CH | D40: Imports|Gas|Fossil gases|Total | E40: PJ/yr. | F40: =F41+F42 -> 117.08258 | G40: =G41+G42 -> 106.72 | H40: =H41+H42 -> 105.92844 | I40: =I41+I42 -> 102.03024 | J40: =J41+J42 -> 94.203114 | K40: =K41+K42 -> 96.652185
A41: =A27 -> STEM | B41: =B40 -> SPS4 | C41: =C27 -> CH | D41: Imports|Gas|Fossil gases|Natural gas | E41: PJ/yr. | F41: {=SUMPRODUCT(("NGA"=[1]OUT_PrimaryEnergyCons!$C$4:$C$10000)*1,[1]OUT_PrimaryEnergyCons!D$4:D$10000)} -> 117.08258 | G41: {=SUMPRODUCT(("NGA"=[1]OUT_PrimaryEnergyCons!$C$4:$C$10000)*1,[1]OUT_PrimaryEnergyCons!E$4:E$10000)} -> 106.72 | H41: {=SUMPRODUCT(("NGA"=[1]OUT_PrimaryEnergyCons!$C$4:$C$10000)*1,[1]OUT_PrimaryEnergyCons!F$4:F$10000)} -> 105.92844 | I41: {=SUMPRODUCT(("NGA"=[1]OUT_PrimaryEnergyCons!$C$4:$C$10000)*1,[1]OUT_PrimaryEnergyCons!G$4:G$10000)} -> 102.02944 | J41: {=SUMPRODUCT(("NGA"=[1]OUT_PrimaryEnergyCons!$C$4:$C$10000)*1,[1]OUT_PrimaryEnergyCons!H$4:H$10000)} -> 94.202409 | K41: {=SUMPRODUCT(("NGA"=[1]OUT_PrimaryEnergyCons!$C$4:$C$10000)*1,[1]OUT_PrimaryEnergyCons!I$4:I$10000)} -> 96.651765
A42: =A41 -> STEM | B42: =B41 -> SPS4 | C42: =C41 -> CH | D42: Imports|Gas|Fossil gases|Liquified Natural Gas | E42: PJ/yr. | F42: {=SUMPRODUCT(("LNGA"=[1]OUT_PrimaryEnergyCons!$C$4:$C$10000)*1,[1]OUT_PrimaryEnergyCons!D$4:D$10000)} -> 0 | G42: {=SUMPRODUCT(("LNGA"=[1]OUT_PrimaryEnergyCons!$C$4:$C$10000)*1,[1]OUT_PrimaryEnergyCons!E$4:E$10000)} -> 0 | H42: {=SUMPRODUCT(("LNGA"=[1]OUT_PrimaryEnergyCons!$C$4:$C$10000)*1,[1]OUT_PrimaryEnergyCons!F$4:F$10000)} -> 0 | I42: {=SUMPRODUCT(("LNGA"=[1]OUT_PrimaryEnergyCons!$C$4:$C$10000)*1,[1]OUT_PrimaryEnergyCons!G$4:G$10000)} -> 0.00080767803 | J42: {=SUMPRODUCT(("LNGA"=[1]OUT_PrimaryEnergyCons!$C$4:$C$10000)*1,[1]OUT_PrimaryEnergyCons!H$4:H$10000)} -> 0.00070438621 | K42: {=SUMPRODUCT(("LNGA"=[1]OUT_PrimaryEnergyCons!$C$4:$C$10000)*1,[1]OUT_PrimaryEnergyCons!I$4:I$10000)} -> 0.0004200047
A43: =A37 -> STEM | B43: =B42 -> SPS4 | C43: =C37 -> CH | D43: Imports|Gas|Synthetic gases | E43: PJ/yr. | F43: {=SUMPRODUCT(("BIO"=[1]OUT_PrimaryEnergyCons!$C$4:$C$10000)*1+("LBIO"=[1]OUT_PrimaryEnergyCons!$C$4:$C$10000)*1,[1]OUT_PrimaryEnergyCons!D$4:D$10000)} -> 0 | G43: {=SUMPRODUCT(("BIO"=[1]OUT_PrimaryEnergyCons!$C$4:$C$10000)*1+("LBIO"=[1]OUT_PrimaryEnergyCons!$C$4:$C$10000)*1,[1]OUT_PrimaryEnergyCons!E$4:E$10000)} -> 0.51650517 | H43: {=SUMPRODUCT(("BIO"=[1]OUT_PrimaryEnergyCons!$C$4:$C$10000)*1+("LBIO"=[1]OUT_PrimaryEnergyCons!$C$4:$C$10000)*1,[1]OUT_PrimaryEnergyCons!F$4:F$10000)} -> 0.00044329003 | I43: {=SUMPRODUCT(("BIO"=[1]OUT_PrimaryEnergyCons!$C$4:$C$10000)*1+("LBIO"=[1]OUT_PrimaryEnergyCons!$C$4:$C$10000)*1,[1]OUT_PrimaryEnergyCons!G$4:G$10000)} -> 2.6520367 | J43: {=SUMPRODUCT(("BIO"=[1]OUT_PrimaryEnergyCons!$C$4:$C$10000)*1+("LBIO"=[1]OUT_PrimaryEnergyCons!$C$4:$C$10000)*1,[1]OUT_PrimaryEnergyCons!H$4:H$10000)} -> 2.8643413 | K43: {=SUMPRODUCT(("BIO"=[1]OUT_PrimaryEnergyCons!$C$4:$C$10000)*1+("LBIO"=[1]OUT_PrimaryEnergyCons!$C$4:$C$10000)*1,[1]OUT_PrimaryEnergyCons!I$4:I$10000)} -> 3.425793
A44: =A43 -> STEM | B44: =B43 -> SPS4 | C44: =C43 -> CH | D44: Imports|Gas|Synthetic gases|Biogases | E44: PJ/yr. | F44: =F45 -> 0 | G44: =G45 -> 0.51650517 | H44: =H45 -> 0.00044329003 | I44: =I45 -> 2.6520367 | J44: =J45 -> 2.6520367 | K44: =K45 -> 2.8643413
A45: =A44 -> STEM | B45: =B44 -> SPS4 | C45: =C44 -> CH | D45: Imports|Gas|Synthetic gases|Biogases|Biogas | E45: PJ/yr. | F45: =F43 -> 0 | G45: =G43 -> 0.51650517 | H45: =H43 -> 0.00044329003 | I45: =I43 -> 2.6520367 | J45: =IF(J43-MAX(F43:I43)<0,J43,MAX(F43:I43)) -> 2.6520367 | K45: =IF(K43-MAX(G43:J43)<0,K43,MAX(G43:J43)) -> 2.8643413
A46: =A44 -> STEM | B46: =B45 -> SPS4 | C46: =C44 -> CH | D46: Imports|Gas|Synthetic gases|PtG | E46: PJ/yr. | F46: =F47 -> 0 | G46: =G47 -> 0 | H46: =H47 -> 0 | I46: =I47 -> 0 | J46: =J47 -> 0.21230461 | K46: =K47 -> 0.56145166
A47: =A45 -> STEM | B47: =B46 -> SPS4 | C47: =C45 -> CH | D47: Imports|Gas|Synthetic gases|PtG|PtG gas | E47: PJ/yr. | F47: 0 | G47: 0 | H47: 0 | I47: 0 | J47: =J43-J45 -> 0.21230461 | K47: =K43-K45 -> 0.56145166
A48: =A42 -> STEM | B48: =B47 -> SPS4 | C48: =C42 -> CH | D48: Imports|Nuclear fuel | E48: PJ/yr. | F48: {=SUMPRODUCT(("urn"=[1]OUT_PrimaryEnergyCons!$C$4:$C$10000)*1,[1]OUT_PrimaryEnergyCons!D$4:D$10000)} -> 250.94821 | G48: {=SUMPRODUCT(("urn"=[1]OUT_PrimaryEnergyCons!$C$4:$C$10000)*1,[1]OUT_PrimaryEnergyCons!E$4:E$10000)} -> 253.29997 | H48: {=SUMPRODUCT(("urn"=[1]OUT_PrimaryEnergyCons!$C$4:$C$10000)*1,[1]OUT_PrimaryEnergyCons!F$4:F$10000)} -> 206.0839 | I48: {=SUMPRODUCT(("urn"=[1]OUT_PrimaryEnergyCons!$C$4:$C$10000)*1,[1]OUT_PrimaryEnergyCons!G$4:G$10000)} -> 211.89121 | J48: {=SUMPRODUCT(("urn"=[1]OUT_PrimaryEnergyCons!$C$4:$C$10000)*1,[1]OUT_PrimaryEnergyCons!H$4:H$10000)} -> 98.945536 | K48: {=SUMPRODUCT(("urn"=[1]OUT_PrimaryEnergyCons!$C$4:$C$10000)*1,[1]OUT_PrimaryEnergyCons!I$4:I$10000)} -> 0
A49: =A37 -> STEM | B49: =B48 -> SPS4 | C49: =C37 -> CH | D49: Imports|Electricity | E49: PJ/yr. | F49: =SUM(F50:F53) -> 97.16002 | G49: =SUM(G50:G53) -> 50.275306 | H49: =SUM(H50:H53) -> 50.454006 | I49: =SUM(I50:I53) -> 50.74924 | J49: =SUM(J50:J53) -> 43.184675 | K49: =SUM(K50:K53) -> 37.208427
A50: =A49 -> STEM | B50: =B49 -> SPS4 | C50: =C49 -> CH | D50: Imports|Electricity|Austria | E50: PJ/yr. | F50: {=SUMPRODUCT(([1]OUT_Electricity_CHP!$B$1:$B$10000="G-INTC-IMP00-AT")*1,([1]OUT_Electricity_CHP!$C$1:$C$10000="Var_Fout")*1,ISNUMBER(SEARCH("ELC",[1]OUT_Electricity_CHP!$D$1:$D$10000))*1,[1]OUT_Electricity_CHP!E$1:E$10000)} -> 15.013814 | G50: {=SUMPRODUCT(([1]OUT_Electricity_CHP!$B$1:$B$10000="G-INTC-IMP00-AT")*1,([1]OUT_Electricity_CHP!$C$1:$C$10000="Var_Fout")*1,ISNUMBER(SEARCH("ELC",[1]OUT_Electricity_CHP!$D$1:$D$10000))*1,[1]OUT_Electricity_CHP!F$1:F$10000)} -> 0.0077724935 | H50: {=SUMPRODUCT(([1]OUT_Electricity_CHP!$B$1:$B$10000="G-INTC-IMP00-AT")*1,([1]OUT_Electricity_CHP!$C$1:$C$10000="Var_Fout")*1,ISNUMBER(SEARCH("ELC",[1]OUT_Electricity_CHP!$D$1:$D$10000))*1,[1]OUT_Electricity_CHP!G$1:G$10000)} -> 0.0050277397 | I50: {=SUMPRODUCT(([1]OUT_Electricity_CHP!$B$1:$B$10000="G-INTC-IMP00-AT")*1,([1]OUT_Electricity_CHP!$C$1:$C$10000="Var_Fout")*1,ISNUMBER(SEARCH("ELC",[1]OUT_Electricity_CHP!$D$1:$D$10000))*1,[1]OUT_Electricity_CHP!H$1:H$10000)} -> 0.0042378283 | J50: {=SUMPRODUCT(([1]OUT_Electricity_CHP!$B$1:$B$10000="G-INTC-IMP00-AT")*1,([1]OUT_Electricity_CHP!$C$1:$C$10000="Var_Fout")*1,ISNUMBER(SEARCH("ELC",[1]OUT_Electricity_CHP!$D$1:$D$10000))*1,[1]OUT_Electricity_CHP!I$1:I$10000)} -> 0.0025487078 | K50: {=SUMPRODUCT(([1]OUT_Electricity_CHP!$B$1:$B$10000="G-INTC-IMP00-AT")*1,([1]OUT_Electricity_CHP!$C$1:$C$10000="Var_Fout")*1,ISNUMBER(SEARCH("ELC",[1]OUT_Electricity_CHP!$D$1:$D$10000))*1,[1]OUT_Electricity_CHP!J$1:J$10000)} -> 0.0025329283
A51: =A50 -> STEM | B51: =B50 -> SPS4 | C51: =C50 -> CH | D51: Imports|Electricity|France | E51: PJ/yr. | F51: {=SUMPRODUCT(([1]OUT_Electricity_CHP!$B$1:$B$10000="G-INTC-IMP00-fr")*1,([1]OUT_Electricity_CHP!$C$1:$C$10000="Var_Fout")*1,ISNUMBER(SEARCH("ELC",[1]OUT_Electricity_CHP!$D$1:$D$10000))*1,[1]OUT_Electricity_CHP!E$1:E$10000)} -> 28.948626 | G51: {=SUMPRODUCT(([1]OUT_Electricity_CHP!$B$1:$B$10000="G-INTC-IMP00-fr")*1,([1]OUT_Electricity_CHP!$C$1:$C$10000="Var_Fout")*1,ISNUMBER(SEARCH("ELC",[1]OUT_Electricity_CHP!$D$1:$D$10000))*1,[1]OUT_Electricity_CHP!F$1:F$10000)} -> 16.952491 | H51: {=SUMPRODUCT(([1]OUT_Electricity_CHP!$B$1:$B$10000="G-INTC-IMP00-fr")*1,([1]OUT_Electricity_CHP!$C$1:$C$10000="Var_Fout")*1,ISNUMBER(SEARCH("ELC",[1]OUT_Electricity_CHP!$D$1:$D$10000))*1,[1]OUT_Electricity_CHP!G$1:G$10000)} -> 18.862148 | I51: {=SUMPRODUCT(([1]OUT_Electricity_CHP!$B$1:$B$10000="G-INTC-IMP00-fr")*1,([1]OUT_Electricity_CHP!$C$1:$C$10000="Var_Fout")*1,ISNUMBER(SEARCH("ELC",[1]OUT_Electricity_CHP!$D$1:$D$10000))*1,[1]OUT_Electricity_CHP!H$1:H$10000)} -> 14.817352 | J51: {=SUMPRODUCT(([1]OUT_Electricity_CHP!$B$1:$B$10000="G-INTC-IMP00-fr")*1,([1]OUT_Electricity_CHP!$C$1:$C$10000="Var_Fout")*1,ISNUMBER(SEARCH("ELC",[1]OUT_Electricity_CHP!$D$1:$D$10000))*1,[1]OUT_Electricity_CHP!I$1:I$10000)} -> 10.580582 | K51: {=SUMPRODUCT(([1]OUT_Electricity_CHP!$B$1:$B$10000="G-INTC-IMP00-fr")*1,([1]OUT_Electricity_CHP!$C$1:$C$10000="Var_Fout")*1,ISNUMBER(SEARCH("ELC",[1]OUT_Electricity_CHP!$D$1:$D$10000))*1,[1]OUT_Electricity_CHP!J$1:J$10000)} -> 9.9864166
A52: =A51 -> STEM | B52: =B51 -> SPS4 | C52: =C51 -> CH | D52: Imports|Electricity|Germany | E52: PJ/yr. | F52: {=SUMPRODUCT(([1]OUT_Electricity_CHP!$B$1:$B$10000="G-INTC-IMP00-de")*1,([1]OUT_Electricity_CHP!$C$1:$C$10000="Var_Fout")*1,ISNUMBER(SEARCH("ELC",[1]OUT_Electricity_CHP!$D$1:$D$10000))*1,[1]OUT_Electricity_CHP!E$1:E$10000)} -> 46.398479 | G52: {=SUMPRODUCT(([1]OUT_Electricity_CHP!$B$1:$B$10000="G-INTC-IMP00-de")*1,([1]OUT_Electricity_CHP!$C$1:$C$10000="Var_Fout")*1,ISNUMBER(SEARCH("ELC",[1]OUT_Electricity_CHP!$D$1:$D$10000))*1,[1]OUT_Electricity_CHP!F$1:F$10000)} -> 33.31464 | H52: {=SUMPRODUCT(([1]OUT_Electricity_CHP!$B$1:$B$10000="G-INTC-IMP00-de")*1,([1]OUT_Electricity_CHP!$C$1:$C$10000="Var_Fout")*1,ISNUMBER(SEARCH("ELC",[1]OUT_Electricity_CHP!$D$1:$D$10000))*1,[1]OUT_Electricity_CHP!G$1:G$10000)} -> 31.586499 | I52: {=SUMPRODUCT(([1]OUT_Electricity_CHP!$B$1:$B$10000="G-INTC-IMP00-de")*1,([1]OUT_Electricity_CHP!$C$1:$C$10000="Var_Fout")*1,ISNUMBER(SEARCH("ELC",[1]OUT_Electricity_CHP!$D$1:$D$10000))*1,[1]OUT_Electricity_CHP!H$1:H$10000)} -> 35.927503 | J52: {=SUMPRODUCT(([1]OUT_Electricity_CHP!$B$1:$B$10000="G-INTC-IMP00-de")*1,([1]OUT_Electricity_CHP!$C$1:$C$10000="Var_Fout")*1,ISNUMBER(SEARCH("ELC",[1]OUT_Electricity_CHP!$D$1:$D$10000))*1,[1]OUT_Electricity_CHP!I$1:I$10000)} -> 32.601358 | K52: {=SUMPRODUCT(([1]OUT_Electricity_CHP!$B$1:$B$10000="G-INTC-IMP00-de")*1,([1]OUT_Electricity_CHP!$C$1:$C$10000="Var_Fout")*1,ISNUMBER(SEARCH("ELC",[1]OUT_Electricity_CHP!$D$1:$D$10000))*1,[1]OUT_Electricity_CHP!J$1:J$10000)} -> 27.219309
A53: =A52 -> STEM | B53: =B52 -> SPS4 | C53: =C52 -> CH | D53: Imports|Electricity|Italy | E53: PJ/yr. | F53: {=SUMPRODUCT(([1]OUT_Electricity_CHP!$B$1:$B$10000="G-INTC-IMP00-it")*1,([1]OUT_Electricity_CHP!$C$1:$C$10000="Var_Fout")*1,ISNUMBER(SEARCH("ELC",[1]OUT_Electricity_CHP!$D$1:$D$10000))*1,[1]OUT_Electricity_CHP!E$1:E$10000)} -> 6.7991009 | G53: {=SUMPRODUCT(([1]OUT_Electricity_CHP!$B$1:$B$10000="G-INTC-IMP00-it")*1,([1]OUT_Electricity_CHP!$C$1:$C$10000="Var_Fout")*1,ISNUMBER(SEARCH("ELC",[1]OUT_Electricity_CHP!$D$1:$D$10000))*1,[1]OUT_Electricity_CHP!F$1:F$10000)} -> 0.00040183643 | H53: {=SUMPRODUCT(([1]OUT_Electricity_CHP!$B$1:$B$10000="G-INTC-IMP00-it")*1,([1]OUT_Electricity_CHP!$C$1:$C$10000="Var_Fout")*1,ISNUMBER(SEARCH("ELC",[1]OUT_Electricity_CHP!$D$1:$D$10000))*1,[1]OUT_Electricity_CHP!G$1:G$10000)} -> 0.00033175535 | I53: {=SUMPRODUCT(([1]OUT_Electricity_CHP!$B$1:$B$10000="G-INTC-IMP00-it")*1,([1]OUT_Electricity_CHP!$C$1:$C$10000="Var_Fout")*1,ISNUMBER(SEARCH("ELC",[1]OUT_Electricity_CHP!$D$1:$D$10000))*1,[1]OUT_Electricity_CHP!H$1:H$10000)} -> 0.00014664552 | J53: {=SUMPRODUCT(([1]OUT_Electricity_CHP!$B$1:$B$10000="G-INTC-IMP00-it")*1,([1]OUT_Electricity_CHP!$C$1:$C$10000="Var_Fout")*1,ISNUMBER(SEARCH("ELC",[1]OUT_Electricity_CHP!$D$1:$D$10000))*1,[1]OUT_Electricity_CHP!I$1:I$10000)} -> 0.00018731816 | K53: {=SUMPRODUCT(([1]OUT_Electricity_CHP!$B$1:$B$10000="G-INTC-IMP00-it")*1,([1]OUT_Electricity_CHP!$C$1:$C$10000="Var_Fout")*1,ISNUMBER(SEARCH("ELC",[1]OUT_Electricity_CHP!$D$1:$D$10000))*1,[1]OUT_Electricity_CHP!J$1:J$10000)} -> 0.00016850812
A54: =A53 -> STEM | B54: =B53 -> SPS4 | C54: =C53 -> CH | D54: Imports|Hydrogen | E54: PJ/yr. | F54: {=SUMPRODUCT(("h2"=[1]OUT_PrimaryEnergyCons!$C$4:$C$10000)*1,[1]OUT_PrimaryEnergyCons!D$4:D$10000)} -> 0 | G54: {=SUMPRODUCT(("h2"=[1]OUT_PrimaryEnergyCons!$C$4:$C$10000)*1,[1]OUT_PrimaryEnergyCons!E$4:E$10000)} -> 0 | H54: {=SUMPRODUCT(("h2"=[1]OUT_PrimaryEnergyCons!$C$4:$C$10000)*1,[1]OUT_PrimaryEnergyCons!F$4:F$10000)} -> 0 | I54: {=SUMPRODUCT(("h2"=[1]OUT_PrimaryEnergyCons!$C$4:$C$10000)*1,[1]OUT_PrimaryEnergyCons!G$4:G$10000)} -> 0 | J54: {=SUMPRODUCT(("h2"=[1]OUT_PrimaryEnergyCons!$C$4:$C$10000)*1,[1]OUT_PrimaryEnergyCons!H$4:H$10000)} -> 0.00082844004 | K54: {=SUMPRODUCT(("h2"=[1]OUT_PrimaryEnergyCons!$C$4:$C$10000)*1,[1]OUT_PrimaryEnergyCons!I$4:I$10000)} -> 0.00083022205
A55: =A53 -> STEM | B55: =B54 -> SPS4 | C55: =C53 -> CH | D55: Exports | E55: PJ/yr. | F55: =F56 -> 117.17002 | G55: =G56 -> 35.470499 | H55: =H56 -> 54.785838 | I55: =I56 -> 55.659035 | J55: =J56 -> 19.695736 | K55: =K56 -> 14.136407
A56: =A55 -> STEM | B56: =B55 -> SPS4 | C56: =C55 -> CH | D56: Exports|Electricity | E56: =E55 -> PJ/yr. | F56: =SUM(F57:F60) -> 117.17002 | G56: =SUM(G57:G60) -> 35.470499 | H56: =SUM(H57:H60) -> 54.785838 | I56: =SUM(I57:I60) -> 55.659035 | J56: =SUM(J57:J60) -> 19.695736 | K56: =SUM(K57:K60) -> 14.136407
A57: =A56 -> STEM | B57: =B56 -> SPS4 | C57: =C56 -> CH | D57: Exports|Electricity|Austria | E57: =E56 -> PJ/yr. | F57: {=SUMPRODUCT(([1]OUT_Electricity_CHP!$B$1:$B$10000="G-INTC-exp00-AT")*1,([1]OUT_Electricity_CHP!$C$1:$C$10000="Var_Fout")*1,ISNUMBER(SEARCH("ELC",[1]OUT_Electricity_CHP!$D$1:$D$10000))*1,[1]OUT_Electricity_CHP!E$1:E$10000)} -> 6.2295669 | G57: {=SUMPRODUCT(([1]OUT_Electricity_CHP!$B$1:$B$10000="G-INTC-exp00-AT")*1,([1]OUT_Electricity_CHP!$C$1:$C$10000="Var_Fout")*1,ISNUMBER(SEARCH("ELC",[1]OUT_Electricity_CHP!$D$1:$D$10000))*1,[1]OUT_Electricity_CHP!F$1:F$10000)} -> 0.00063365133 | H57: {=SUMPRODUCT(([1]OUT_Electricity_CHP!$B$1:$B$10000="G-INTC-exp00-AT")*1,([1]OUT_Electricity_CHP!$C$1:$C$10000="Var_Fout")*1,ISNUMBER(SEARCH("ELC",[1]OUT_Electricity_CHP!$D$1:$D$10000))*1,[1]OUT_Electricity_CHP!G$1:G$10000)} -> 0.00084617895 | I57: {=SUMPRODUCT(([1]OUT_Electricity_CHP!$B$1:$B$10000="G-INTC-exp00-AT")*1,([1]OUT_Electricity_CHP!$C$1:$C$10000="Var_Fout")*1,ISNUMBER(SEARCH("ELC",[1]OUT_Electricity_CHP!$D$1:$D$10000))*1,[1]OUT_Electricity_CHP!H$1:H$10000)} -> 0.00014544914 | J57: {=SUMPRODUCT(([1]OUT_Electricity_CHP!$B$1:$B$10000="G-INTC-exp00-AT")*1,([1]OUT_Electricity_CHP!$C$1:$C$10000="Var_Fout")*1,ISNUMBER(SEARCH("ELC",[1]OUT_Electricity_CHP!$D$1:$D$10000))*1,[1]OUT_Electricity_CHP!I$1:I$10000)} -> 0.00019996919 | K57: {=SUMPRODUCT(([1]OUT_Electricity_CHP!$B$1:$B$10000="G-INTC-exp00-AT")*1,([1]OUT_Electricity_CHP!$C$1:$C$10000="Var_Fout")*1,ISNUMBER(SEARCH("ELC",[1]OUT_Electricity_CHP!$D$1:$D$10000))*1,[1]OUT_Electricity_CHP!J$1:J$10000)} -> 0.0001361177
A58: =A57 -> STEM | B58: =B57 -> SPS4 | C58: =C57 -> CH | D58: Exports|Electricity|France | E58: =E57 -> PJ/yr. | F58: {=SUMPRODUCT(([1]OUT_Electricity_CHP!$B$1:$B$10000="G-INTC-exp00-fr")*1,([1]OUT_Electricity_CHP!$C$1:$C$10000="Var_Fout")*1,ISNUMBER(SEARCH("ELC",[1]OUT_Electricity_CHP!$D$1:$D$10000))*1,[1]OUT_Electricity_CHP!E$1:E$10000)} -> 12.753367 | G58: {=SUMPRODUCT(([1]OUT_Electricity_CHP!$B$1:$B$10000="G-INTC-exp00-fr")*1,([1]OUT_Electricity_CHP!$C$1:$C$10000="Var_Fout")*1,ISNUMBER(SEARCH("ELC",[1]OUT_Electricity_CHP!$D$1:$D$10000))*1,[1]OUT_Electricity_CHP!F$1:F$10000)} -> 0.00056731251 | H58: {=SUMPRODUCT(([1]OUT_Electricity_CHP!$B$1:$B$10000="G-INTC-exp00-fr")*1,([1]OUT_Electricity_CHP!$C$1:$C$10000="Var_Fout")*1,ISNUMBER(SEARCH("ELC",[1]OUT_Electricity_CHP!$D$1:$D$10000))*1,[1]OUT_Electricity_CHP!G$1:G$10000)} -> 0.00051682333 | I58: {=SUMPRODUCT(([1]OUT_Electricity_CHP!$B$1:$B$10000="G-INTC-exp00-fr")*1,([1]OUT_Electricity_CHP!$C$1:$C$10000="Var_Fout")*1,ISNUMBER(SEARCH("ELC",[1]OUT_Electricity_CHP!$D$1:$D$10000))*1,[1]OUT_Electricity_CHP!H$1:H$10000)} -> 0.00025831675 | J58: {=SUMPRODUCT(([1]OUT_Electricity_CHP!$B$1:$B$10000="G-INTC-exp00-fr")*1,([1]OUT_Electricity_CHP!$C$1:$C$10000="Var_Fout")*1,ISNUMBER(SEARCH("ELC",[1]OUT_Electricity_CHP!$D$1:$D$10000))*1,[1]OUT_Electricity_CHP!I$1:I$10000)} -> 0.0015276927 | K58: {=SUMPRODUCT(([1]OUT_Electricity_CHP!$B$1:$B$10000="G-INTC-exp00-fr")*1,([1]OUT_Electricity_CHP!$C$1:$C$10000="Var_Fout")*1,ISNUMBER(SEARCH("ELC",[1]OUT_Electricity_CHP!$D$1:$D$10000))*1,[1]OUT_Electricity_CHP!J$1:J$10000)} -> 0.00085805561
A59: =A58 -> STEM | B59: =B58 -> SPS4 | C59: =C58 -> CH | D59: Exports|Electricity|Germany | E59: =E58 -> PJ/yr. | F59: {=SUMPRODUCT(([1]OUT_Electricity_CHP!$B$1:$B$10000="G-INTC-exp00-de")*1,([1]OUT_Electricity_CHP!$C$1:$C$10000="Var_Fout")*1,ISNUMBER(SEARCH("ELC",[1]OUT_Electricity_CHP!$D$1:$D$10000))*1,[1]OUT_Electricity_CHP!E$1:E$10000)} -> 26.49298 | G59: {=SUMPRODUCT(([1]OUT_Electricity_CHP!$B$1:$B$10000="G-INTC-exp00-de")*1,([1]OUT_Electricity_CHP!$C$1:$C$10000="Var_Fout")*1,ISNUMBER(SEARCH("ELC",[1]OUT_Electricity_CHP!$D$1:$D$10000))*1,[1]OUT_Electricity_CHP!F$1:F$10000)} -> 0.00042340776 | H59: {=SUMPRODUCT(([1]OUT_Electricity_CHP!$B$1:$B$10000="G-INTC-exp00-de")*1,([1]OUT_Electricity_CHP!$C$1:$C$10000="Var_Fout")*1,ISNUMBER(SEARCH("ELC",[1]OUT_Electricity_CHP!$D$1:$D$10000))*1,[1]OUT_Electricity_CHP!G$1:G$10000)} -> 0.0004621225 | I59: {=SUMPRODUCT(([1]OUT_Electricity_CHP!$B$1:$B$10000="G-INTC-exp00-de")*1,([1]OUT_Electricity_CHP!$C$1:$C$10000="Var_Fout")*1,ISNUMBER(SEARCH("ELC",[1]OUT_Electricity_CHP!$D$1:$D$10000))*1,[1]OUT_Electricity_CHP!H$1:H$10000)} -> 0.00033568141 | J59: {=SUMPRODUCT(([1]OUT_Electricity_CHP!$B$1:$B$10000="G-INTC-exp00-de")*1,([1]OUT_Electricity_CHP!$C$1:$C$10000="Var_Fout")*1,ISNUMBER(SEARCH("ELC",[1]OUT_Electricity_CHP!$D$1:$D$10000))*1,[1]OUT_Electricity_CHP!I$1:I$10000)} -> 0.0012126498 | K59: {=SUMPRODUCT(([1]OUT_Electricity_CHP!$B$1:$B$10000="G-INTC-exp00-de")*1,([1]OUT_Electricity_CHP!$C$1:$C$10000="Var_Fout")*1,ISNUMBER(SEARCH("ELC",[1]OUT_Electricity_CHP!$D$1:$D$10000))*1,[1]OUT_Electricity_CHP!J$1:J$10000)} -> 0.00034399907
A60: =A59 -> STEM | B60: =B59 -> SPS4 | C60: =C59 -> CH | D60: Exports|Electricity|Italy | E60: =E59 -> PJ/yr. | F60: {=SUMPRODUCT(([1]OUT_Electricity_CHP!$B$1:$B$10000="G-INTC-exp00-it")*1,([1]OUT_Electricity_CHP!$C$1:$C$10000="Var_Fout")*1,ISNUMBER(SEARCH("ELC",[1]OUT_Electricity_CHP!$D$1:$D$10000))*1,[1]OUT_Electricity_CHP!E$1:E$10000)} -> 71.694108 | G60: {=SUMPRODUCT(([1]OUT_Electricity_CHP!$B$1:$B$10000="G-INTC-exp00-it")*1,([1]OUT_Electricity_CHP!$C$1:$C$10000="Var_Fout")*1,ISNUMBER(SEARCH("ELC",[1]OUT_Electricity_CHP!$D$1:$D$10000))*1,[1]OUT_Electricity_CHP!F$1:F$10000)} -> 35.468875 | H60: {=SUMPRODUCT(([1]OUT_Electricity_CHP!$B$1:$B$10000="G-INTC-exp00-it")*1,([1]OUT_Electricity_CHP!$C$1:$C$10000="Var_Fout")*1,ISNUMBER(SEARCH("ELC",[1]OUT_Electricity_CHP!$D$1:$D$10000))*1,[1]OUT_Electricity_CHP!G$1:G$10000)} -> 54.784013 | I60: {=SUMPRODUCT(([1]OUT_Electricity_CHP!$B$1:$B$10000="G-INTC-exp00-it")*1,([1]OUT_Electricity_CHP!$C$1:$C$10000="Var_Fout")*1,ISNUMBER(SEARCH("ELC",[1]OUT_Electricity_CHP!$D$1:$D$10000))*1,[1]OUT_Electricity_CHP!H$1:H$10000)} -> 55.658295 | J60: {=SUMPRODUCT(([1]OUT_Electricity_CHP!$B$1:$B$10000="G-INTC-exp00-it")*1,([1]OUT_Electricity_CHP!$C$1:$C$10000="Var_Fout")*1,ISNUMBER(SEARCH("ELC",[1]OUT_Electricity_CHP!$D$1:$D$10000))*1,[1]OUT_Electricity_CHP!I$1:I$10000)} -> 19.692795 | K60: {=SUMPRODUCT(([1]OUT_Electricity_CHP!$B$1:$B$10000="G-INTC-exp00-it")*1,([1]OUT_Electricity_CHP!$C$1:$C$10000="Var_Fout")*1,ISNUMBER(SEARCH("ELC",[1]OUT_Electricity_CHP!$D$1:$D$10000))*1,[1]OUT_Electricity_CHP!J$1:J$10000)} -> 14.135069
A61: =A60 -> STEM | B61: =B60 -> SPS4 | C61: =C60 -> CH | D61: Electricity generation | E61: PJ/yr. | F61: =SUM(F62,F64,F68,F80,F128,F149,F157,F159,F167,F171,F165) -> 251.19554 | G61: =SUM(G62,G64,G72,G80,G128,G149,G157,G159,G167,G171,G165) -> 229.30204 | H61: =SUM(H62,H64,H72,H80,H128,H149,H157,H159,H167,H171,H165) -> 276.97856 | I61: =SUM(I62,I64,I72,I80,I128,I149,I157,I159,I167,I171,I165) -> 263.63618 | J61: =SUM(J62,J64,J72,J80,J128,J149,J157,J159,J167,J171,J165) -> 252.47497 | K61: =SUM(K62,K64,K72,K80,K128,K149,K157,K159,K167,K171,K165) -> 253.42066
A62: =A61 -> STEM | B62: =B61 -> SPS4 | C62: =C61 -> CH | D62: Electricity generation|Nuclear Fuel | E62: =E60 -> PJ/yr. | F62: =+F63 -> 82.76 | G62: =+G63 -> 82.759982 | H62: =+H63 -> 67.098567 | I62: =+I63 -> 69.930794 | J62: =+J63 -> 32.820812 | K62: =+K63 -> 0
A63: =A62 -> STEM | B63: =B62 -> SPS4 | C63: =C62 -> CH | D63: Electricity generation|Nuclear Fuel|Nuclear power plants | E63: =E61 -> PJ/yr. | F63: ='[1]Electricity and CHPs'!B14 -> 82.76 | G63: ='[1]Electricity and CHPs'!C14 -> 82.759982 | H63: ='[1]Electricity and CHPs'!D14 -> 67.098567 | I63: ='[1]Electricity and CHPs'!E14 -> 69.930794 | J63: ='[1]Electricity and CHPs'!F14 -> 32.820812 | K63: ='[1]Electricity and CHPs'!G14 -> 0
A64: =A63 -> STEM | B64: =B63 -> SPS4 | C64: =C63 -> CH | D64: Electricity generation|Hydro | E64: =E63 -> PJ/yr. | F64: =SUM(F65:F67) -> 146.22 | G64: =SUM(G65:G67) -> 121.59731 | H64: =SUM(H65:H67) -> 168.93899 | I64: =SUM(I65:I67) -> 147.33047 | J64: =SUM(J65:J67) -> 147.54956 | K64: =SUM(K65:K67) -> 147.73323
A65: =A64 -> STEM | B65: =B64 -> SPS4 | C65: =C64 -> CH | D65: Electricity generation|Hydro|Hydro Large | E65: =E63 -> PJ/yr. | F65: ='[1]Electricity and CHPs'!B15 -> 66.74568 | G65: ='[1]Electricity and CHPs'!C15 -> 49.798802 | H65: ='[1]Electricity and CHPs'!D15 -> 68.534388 | I65: ='[1]Electricity and CHPs'!E15 -> 70.342916 | J65: ='[1]Electricity and CHPs'!F15 -> 72.511307 | K65: ='[1]Electricity and CHPs'!G15 -> 74.680996
A66: =A65 -> STEM | B66: =B65 -> SPS4 | C66: =C65 -> CH | D66: Electricity generation|Hydro|Hydro Run of River | E66: =E65 -> PJ/yr. | F66: ='[1]Electricity and CHPs'!B16 -> 66.632401 | G66: ='[1]Electricity and CHPs'!C16 -> 55.764005 | H66: ='[1]Electricity and CHPs'!D16 -> 65.550962 | I66: ='[1]Electricity and CHPs'!E16 -> 64.468038 | J66: ='[1]Electricity and CHPs'!F16 -> 62.299669 | K66: ='[1]Electricity and CHPs'!G16 -> 60.129977
A67: =A66 -> STEM | B67: =B66 -> SPS4 | C67: =C66 -> CH | D67: Electricity generation|Hydro|Pump storage | E67: =E66 -> PJ/yr. | F67: ='[1]Electricity and CHPs'!B17 -> 12.841923 | G67: ='[1]Electricity and CHPs'!C17 -> 16.034508 | H67: ='[1]Electricity and CHPs'!D17 -> 34.853639 | I67: ='[1]Electricity and CHPs'!E17 -> 12.519512 | J67: ='[1]Electricity and CHPs'!F17 -> 12.738587 | K67: ='[1]Electricity and CHPs'!G17 -> 12.922257
A68: =A59 -> STEM | B68: =B67 -> SPS4 | C68: =C59 -> CH | D68: Electricity generation|Oil | E68: =E59 -> PJ/yr. | F68: =SUM(F69:F71) -> 0.11192159 | G68: =SUM(G69:G71) -> 0.17153241 | H68: =SUM(H69:H71) -> 0.0066258562 | I68: =SUM(I69:I71) -> 0.17154133 | J68: =SUM(J69:J71) -> 0.021018884 | K68: =SUM(K69:K71) -> 0.17080354
A69: =A68 -> STEM | B69: =B68 -> SPS4 | C69: =C68 -> CH | D69: Electricity generation|Oil|Peak devices | E69: =E59 -> PJ/yr. | F69: ='[1]Electricity and CHPs'!B18 -> 0.039605257 | G69: ='[1]Electricity and CHPs'!C18 -> 9.9995789e-05 | H69: ='[1]Electricity and CHPs'!D18 -> 0.0029245203 | I69: ='[1]Electricity and CHPs'!E18 -> 0.00049319505 | J69: ='[1]Electricity and CHPs'!F18 -> 0.0015392566 | K69: ='[1]Electricity and CHPs'!G18 -> 0.0019306153
A70: =A69 -> STEM | B70: =B69 -> SPS4 | C70: =C69 -> CH | D70: Electricity generation|Oil|CHP Oil (for District Heating) | E70: =E124 -> PJ/yr. | F70: ='[1]Electricity and CHPs'!B28 -> 0.0018044912 | G70: ='[1]Electricity and CHPs'!C28 -> 7.1584981e-05 | H70: ='[1]Electricity and CHPs'!D28 -> 0.00089723077 | I70: ='[1]Electricity and CHPs'!E28 -> 0.00027224374 | J70: ='[1]Electricity and CHPs'!F28 -> 0.0005484333 | K70: ='[1]Electricity and CHPs'!G28 -> 0.00032889646
A71: =A70 -> STEM | B71: =B70 -> SPS4 | C71: =C70 -> CH | D71: Electricity generation|Oil|Industrial CHPs oil | E71: =E79 -> PJ/yr. | F71: ='[1]Electricity and CHPs'!B41 -> 0.070511842 | G71: ='[1]Electricity and CHPs'!C41 -> 0.17136083 | H71: ='[1]Electricity and CHPs'!D41 -> 0.0028041052 | I71: ='[1]Electricity and CHPs'!E41 -> 0.17077589 | J71: ='[1]Electricity and CHPs'!F41 -> 0.018931194 | K71: ='[1]Electricity and CHPs'!G41 -> 0.16854403
A72: =A67 -> STEM | B72: =B71 -> SPS4 | C72: =C67 -> CH | D72: Electricity generation|Oil|Fossil liquids | E72: =E67 -> PJ/yr. | F72: =SUM(F73:F75) -> 0.11192159 | G72: =SUM(G73:G75) -> 0.17153241 | H72: =SUM(H73:H75) -> 0.0066258562 | I72: =SUM(I73:I75) -> 0.17154133 | J72: =SUM(J73:J75) -> 0.021018884 | K72: =SUM(K73:K75) -> 0.17080354
A73: =A72 -> STEM | B73: =B72 -> SPS4 | C73: =C72 -> CH | D73: Electricity generation|Oil|Fossil liquids|Peak devices | E73: =E67 -> PJ/yr. | F73: =F69 -> 0.039605257 | G73: =G69 -> 9.9995789e-05 | H73: =H69 -> 0.0029245203 | I73: =I69 -> 0.00049319505 | J73: =J69 -> 0.0015392566 | K73: =K69 -> 0.0019306153
A74: =A73 -> STEM | B74: =B73 -> SPS4 | C74: =C73 -> CH | D74: Electricity generation|Oil|Fossil liquids|CHP Oil (for District Heating) | E74: =E132 -> PJ/yr. | F74: ='[1]Electricity and CHPs'!B28 -> 0.0018044912 | G74: ='[1]Electricity and CHPs'!C28 -> 7.1584981e-05 | H74: ='[1]Electricity and CHPs'!D28 -> 0.00089723077 | I74: ='[1]Electricity and CHPs'!E28 -> 0.00027224374 | J74: ='[1]Electricity and CHPs'!F28 -> 0.0005484333 | K74: ='[1]Electricity and CHPs'!G28 -> 0.00032889646
A75: =A74 -> STEM | B75: =B74 -> SPS4 | C75: =C74 -> CH | D75: Electricity generation|Oil|Fossil liquids|Industrial CHPs oil | E75: =E87 -> PJ/yr. | F75: ='[1]Electricity and CHPs'!B41 -> 0.070511842 | G75: ='[1]Electricity and CHPs'!C41 -> 0.17136083 | H75: ='[1]Electricity and CHPs'!D41 -> 0.0028041052 | I75: ='[1]Electricity and CHPs'!E41 -> 0.17077589 | J75: ='[1]Electricity and CHPs'!F41 -> 0.018931194 | K75: ='[1]Electricity and CHPs'!G41 -> 0.16854403
A76: =A74 -> STEM | B76: =B75 -> SPS4 | C76: =C74 -> CH | D76: Electricity generation|Oil|Synthetic liquids | E76: =E73 -> PJ/yr. | F76: =SUM(F77:F79) -> 0 | G76: =SUM(G77:G79) -> 0 | H76: =SUM(H77:H79) -> 0 | I76: =SUM(I77:I79) -> 0 | J76: =SUM(J77:J79) -> 0 | K76: =SUM(K77:K79) -> 0
A77: =A75 -> STEM | B77: =B76 -> SPS4 | C77: =C75 -> CH | D77: Electricity generation|Oil|Synthetic liquids|Peak devices | E77: =E74 -> PJ/yr. | F77: 0 | G77: 0 | H77: 0 | I77: 0 | J77: 0 | K77: 0
A78: =A77 -> STEM | B78: =B77 -> SPS4 | C78: =C77 -> CH | D78: Electricity generation|Oil|Synthetic liquids|CHP Oil (for District Heating) | E78: =E135 -> PJ/yr. | F78: 0 | G78: 0 | H78: 0 | I78: 0 | J78: 0 | K78: 0
A79: =A78 -> STEM | B79: =B78 -> SPS4 | C79: =C78 -> CH | D79: Electricity generation|Oil|Synthetic liquids|Industrial CHPs oil | E79: =E90 -> PJ/yr. | F79: 0 | G79: 0 | H79: 0 | I79: 0 | J79: 0 | K79: 0
A80: =A79 -> STEM | B80: =B79 -> SPS4 | C80: =C79 -> CH | D80: Electricity generation|Gas | E80: =E129 -> PJ/yr. | F80: =SUM(F81:F95) -> 3.2320289 | G80: =SUM(G81:G95) -> 1.8275929 | H80: =SUM(H81:H95) -> 1.1996544 | I80: =SUM(I81:I95) -> 2.2184304 | J80: =SUM(J81:J95) -> 5.8744946 | K80: =SUM(K81:K95) -> 20.424571
A81: =A80 -> STEM | B81: =B80 -> SPS4 | C81: =C80 -> CH | D81: Electricity generation|Gas|Gas turbines combined cycle | E81: =E130 -> PJ/yr. | F81: ='[1]Electricity and CHPs'!B21 -> 0 | G81: ='[1]Electricity and CHPs'!C21 -> 0 | H81: ='[1]Electricity and CHPs'!D21 -> 0 | I81: ='[1]Electricity and CHPs'!E21 -> 0 | J81: ='[1]Electricity and CHPs'!F21 -> 0.046295951 | K81: ='[1]Electricity and CHPs'!G21 -> 5.8785785
A82: =A81 -> STEM | B82: =B81 -> SPS4 | C82: =C81 -> CH | D82: Electricity generation|Gas|Gas turbines open cycle | E82: =E81 -> PJ/yr. | F82: ='[1]Electricity and CHPs'!B22 -> 0 | G82: ='[1]Electricity and CHPs'!C22 -> 0 | H82: ='[1]Electricity and CHPs'!D22 -> 0 | I82: ='[1]Electricity and CHPs'!E22 -> 0 | J82: ='[1]Electricity and CHPs'!F22 -> 0.010476546 | K82: ='[1]Electricity and CHPs'!G22 -> 0.0040265372
A83: =A82 -> STEM | B83: =B82 -> SPS4 | C83: =C82 -> CH | D83: Electricity generation|Gas|Gas turbines combined cycle CCS | E83: =E82 -> PJ/yr. | F83: ='[1]Electricity and CHPs'!B23 -> 0 | G83: ='[1]Electricity and CHPs'!C23 -> 0 | H83: ='[1]Electricity and CHPs'!D23 -> 0 | I83: ='[1]Electricity and CHPs'!E23 -> 0 | J83: ='[1]Electricity and CHPs'!F23 -> 0 | K83: ='[1]Electricity and CHPs'!G23 -> 0
A84: =A83 -> STEM | B84: =B83 -> SPS4 | C84: =C83 -> CH | D84: Electricity generation|Gas|CHP Gas (for District Heating) | E84: =E83 -> PJ/yr. | F84: ='[1]Electricity and CHPs'!B24 -> 0.96588432 | G84: ='[1]Electricity and CHPs'!C24 -> 0.00049159196 | H84: ='[1]Electricity and CHPs'!D24 -> 0.0022458115 | I84: ='[1]Electricity and CHPs'!E24 -> 0.0030267099 | J84: ='[1]Electricity and CHPs'!F24 -> 0.47291117 | K84: ='[1]Electricity and CHPs'!G24 -> 0.94445612
A85: =A84 -> STEM | B85: =B84 -> SPS4 | C85: =C84 -> CH | D85: Electricity generation|Gas|CHP Fuel Cell Gas (for District Heating) | E85: =E74 -> PJ/yr. | F85: ='[1]Electricity and CHPs'!B29 -> 0 | G85: ='[1]Electricity and CHPs'!C29 -> 0 | H85: ='[1]Electricity and CHPs'!D29 -> 0 | I85: ='[1]Electricity and CHPs'!E29 -> 0 | J85: ='[1]Electricity and CHPs'!F29 -> 0.41564401 | K85: ='[1]Electricity and CHPs'!G29 -> 2.103871
A86: =A85 -> STEM | B86: =B85 -> SPS4 | C86: =C85 -> CH | D86: Electricity generation|Gas|Industrial CHPs gas | E86: =E164 -> PJ/yr. | F86: ='[1]Electricity and CHPs'!B39 -> 0.66998788 | G86: ='[1]Electricity and CHPs'!C39 -> 0.09040192 | H86: ='[1]Electricity and CHPs'!D39 -> 0.064727425 | I86: ='[1]Electricity and CHPs'!E39 -> 0.41487864 | J86: ='[1]Electricity and CHPs'!F39 -> 0.059050314 | K86: ='[1]Electricity and CHPs'!G39 -> 0.012759454
A87: =A86 -> STEM | B87: =B86 -> SPS4 | C87: =C86 -> CH | D87: Electricity generation|Gas|Industrial CHPs gas (CCS) | E87: =E86 -> PJ/yr. | F87: ='[1]Electricity and CHPs'!B40 -> 0 | G87: ='[1]Electricity and CHPs'!C40 -> 0 | H87: ='[1]Electricity and CHPs'!D40 -> 0 | I87: ='[1]Electricity and CHPs'!E40 -> 0 | J87: ='[1]Electricity and CHPs'!F40 -> 0 | K87: ='[1]Electricity and CHPs'!G40 -> 0
A88: =A87 -> STEM | B88: =B87 -> SPS4 | C88: =C87 -> CH | D88: Electricity generation|Gas|Industrial CHPs fuel cells (gas reformer) | E88: =E169 -> PJ/yr. | F88: ='[1]Electricity and CHPs'!B47 -> 0 | G88: ='[1]Electricity and CHPs'!C47 -> 0 | H88: ='[1]Electricity and CHPs'!D47 -> 0 | I88: ='[1]Electricity and CHPs'!E47 -> 0.0005825659 | J88: ='[1]Electricity and CHPs'!F47 -> 0.0029930061 | K88: ='[1]Electricity and CHPs'!G47 -> 0.002463067
A89: =A88 -> STEM | B89: =B88 -> SPS4 | C89: =C88 -> CH | D89: Electricity generation|Gas|Residential single family CHPs gas | E89: =E88 -> PJ/yr. | F89: ='[1]Electricity and CHPs'!B48 -> 0.014276161 | G89: ='[1]Electricity and CHPs'!C48 -> 0.0023507488 | H89: ='[1]Electricity and CHPs'!D48 -> 0.0040185898 | I89: ='[1]Electricity and CHPs'!E48 -> 0.0073356372 | J89: ='[1]Electricity and CHPs'!F48 -> 0.0038509156 | K89: ='[1]Electricity and CHPs'!G48 -> 0.0021345625
A90: =A89 -> STEM | B90: =B89 -> SPS4 | C90: =C89 -> CH | D90: Electricity generation|Gas|Residential single family CHPs fuel cells gas | E90: =E89 -> PJ/yr. | F90: ='[1]Electricity and CHPs'!B49 -> 0 | G90: ='[1]Electricity and CHPs'!C49 -> 0 | H90: ='[1]Electricity and CHPs'!D49 -> 0 | I90: ='[1]Electricity and CHPs'!E49 -> 0.00023582202 | J90: ='[1]Electricity and CHPs'!F49 -> 0.00077398733 | K90: ='[1]Electricity and CHPs'!G49 -> 0.00071728876
A91: =A90 -> STEM | B91: =B90 -> SPS4 | C91: =C90 -> CH | D91: Electricity generation|Gas|Residential multi family CHPs gas | E91: =E154 -> PJ/yr. | F91: ='[1]Electricity and CHPs'!B51 -> 0.028088144 | G91: ='[1]Electricity and CHPs'!C51 -> 0.00249811 | H91: ='[1]Electricity and CHPs'!D51 -> 0.0063695401 | I91: ='[1]Electricity and CHPs'!E51 -> 0.6684082 | J91: ='[1]Electricity and CHPs'!F51 -> 3.7159665 | K91: ='[1]Electricity and CHPs'!G51 -> 3.1169759
A92: =A91 -> STEM | B92: =B91 -> SPS4 | C92: =C91 -> CH | D92: Electricity generation|Gas|Residential multi family CHPs fuel cells gas | E92: =E91 -> PJ/yr. | F92: ='[1]Electricity and CHPs'!B52 -> 0 | G92: ='[1]Electricity and CHPs'!C52 -> 0 | H92: ='[1]Electricity and CHPs'!D52 -> 0 | I92: ='[1]Electricity and CHPs'!E52 -> 0.0010660153 | J92: ='[1]Electricity and CHPs'!F52 -> 0.0061161077 | K92: ='[1]Electricity and CHPs'!G52 -> 1.318756
A93: =A92 -> STEM | B93: =B92 -> SPS4 | C93: =C92 -> CH | D93: Electricity generation|Gas|Services sectors CHPs (bio)gas | E93: =E155 -> PJ/yr. | F93: ='[1]Electricity and CHPs'!B54 -> 0.95937835 | G93: ='[1]Electricity and CHPs'!C54 -> 1.1059591 | H93: ='[1]Electricity and CHPs'!D54 -> 1.1059589 | I93: ='[1]Electricity and CHPs'!E54 -> 1.1059546 | J93: ='[1]Electricity and CHPs'!F54 -> 1.105956 | K93: ='[1]Electricity and CHPs'!G54 -> 1.1059562
A94: =A93 -> STEM | B94: =B93 -> SPS4 | C94: =C93 -> CH | D94: Electricity generation|Gas|Services sectors CHPs gas | E94: =E93 -> PJ/yr. | F94: ='[1]Electricity and CHPs'!B55 -> 0.59441404 | G94: ='[1]Electricity and CHPs'!C55 -> 0.62589144 | H94: ='[1]Electricity and CHPs'!D55 -> 0.016334125 | I94: ='[1]Electricity and CHPs'!E55 -> 0.016482438 | J94: ='[1]Electricity and CHPs'!F55 -> 0.025233439 | K94: ='[1]Electricity and CHPs'!G55 -> 0.0005996083
A95: =A94 -> STEM | B95: =B94 -> SPS4 | C95: =C94 -> CH | D95: Electricity generation|Gas|Services sectors CHPs fuel cells (gas reformer) | E95: =E170 -> PJ/yr. | F95: ='[1]Electricity and CHPs'!B58 -> 0 | G95: ='[1]Electricity and CHPs'!C58 -> 0 | H95: ='[1]Electricity and CHPs'!D58 -> 0 | I95: ='[1]Electricity and CHPs'!E58 -> 0.00045972379 | J95: ='[1]Electricity and CHPs'!F58 -> 0.0092266157 | K95: ='[1]Electricity and CHPs'!G58 -> 5.9332766
A96: =A95 -> STEM | B96: =B95 -> SPS4 | C96: =C95 -> CH | D96: Electricity generation|Gas|Fossil gases | E96: =E171 -> PJ/yr. | F96: =F80-F112 -> 2.215158 | G96: =G80-G112 -> 0.70720576 | H96: =H80-H112 -> 0.087660182 | I96: =I80-I112 -> 1.0157955 | J96: =J80-J112 -> 4.6326344 | K96: =K80-K112 -> 19.072142
A97: =A96 -> STEM | B97: =B96 -> SPS4 | C97: =C96 -> CH | D97: Electricity generation|Gas|Fossil gases|Gas turbines combined cycle | E97: =E172 -> PJ/yr. | F97: =F81-F113 -> 0 | G97: =G81-G113 -> 0 | H97: =H81-H113 -> 0 | I97: =I81-I113 -> 0 | J97: =J81-J113 -> 0.044976508 | K97: =K81-K113 -> 5.8035777
A98: =A97 -> STEM | B98: =B97 -> SPS4 | C98: =C97 -> CH | D98: Electricity generation|Gas|Fossil gases|Gas turbines open cycle | E98: =E173 -> PJ/yr. | F98: =F82-F114 -> 0 | G98: =G82-G114 -> 0 | H98: =H82-H114 -> 0 | I98: =I82-I114 -> 0 | J98: =J82-J114 -> 0.010177963 | K98: =K82-K114 -> 0.0039751654
A99: =A98 -> STEM | B99: =B98 -> SPS4 | C99: =C98 -> CH | D99: Electricity generation|Gas|Fossil gases|Gas turbines combined cycle CCS | E99: =E174 -> PJ/yr. | F99: =F83-F115 -> 0 | G99: =G83-G115 -> 0 | H99: =H83-H115 -> 0 | I99: =I83-I115 -> 0 | J99: =J83-J115 -> 0 | K99: =K83-K115 -> 0
A100: =A99 -> STEM | B100: =B99 -> SPS4 | C100: =C99 -> CH | D100: Electricity generation|Gas|Fossil gases|CHP Gas (for District Heating) | E100: =E175 -> PJ/yr. | F100: =F84-F116 -> 0.94144978 | G100: =G84-G116 -> 0.00048176328 | H100: =H84-H116 -> 0.0021011496 | I100: =I84-I116 -> 0.0027636723 | J100: =J84-J116 -> 0.45943313 | K100: =K84-K116 -> 0.93240645
...

Sheet check
C2: 2020 | D2: 2022 | E2: 2025 | F2: 2030 | G2: 2040 | H2: 2050
B3: Final energy consumption | C3: =SUM(C4:C7) -> 716.18668 | D3: =SUM(D4:D7) -> 703.77454 | E3: =SUM(E4:E7) -> 687.20693 | F3: =SUM(F4:F7) -> 643.84259 | G3: =SUM(G4:G7) -> 594.54946 | H3: =SUM(H4:H7) -> 566.27644
B4: Industry | C4: ='SPS4'!F761 -> 142.21776 | D4: ='SPS4'!G761 -> 141.18303 | E4: ='SPS4'!H761 -> 142.8753 | F4: ='SPS4'!I761 -> 144.16666 | G4: ='SPS4'!J761 -> 141.26249 | H4: ='SPS4'!K761 -> 139.64054
B5: Services | C5: ='SPS4'!F880 -> 140.10121 | D5: ='SPS4'!G880 -> 139.64794 | E5: ='SPS4'!H880 -> 133.57022 | F5: ='SPS4'!I880 -> 128.7842 | G5: ='SPS4'!J880 -> 121.33778 | H5: ='SPS4'!K880 -> 113.62549
B6: Residential | C6: ='SPS4'!F970 -> 219.89495 | D6: ='SPS4'!G970 -> 217.37167 | E6: ='SPS4'!H970 -> 220.43392 | F6: ='SPS4'!I970 -> 211.31444 | G6: ='SPS4'!J970 -> 199.89894 | H6: ='SPS4'!K970 -> 190.99293
B7: Transport | C7: ='SPS4'!F1134+'SPS4'!F1313+'SPS4'!F1397+'SPS4'!F1481+'SPS4'!F1488+'SPS4'!F1495+'SPS4'!F1544+'SPS4'!F1591+'SPS4'!F1638 -> 213.97275 | D7: ='SPS4'!G1134+'SPS4'!G1313+'SPS4'!G1397+'SPS4'!G1481+'SPS4'!G1488+'SPS4'!G1495+'SPS4'!G1544+'SPS4'!G1591+'SPS4'!G1638 -> 205.5719 | E7: ='SPS4'!H1134+'SPS4'!H1313+'SPS4'!H1397+'SPS4'!H1481+'SPS4'!H1488+'SPS4'!H1495+'SPS4'!H1544+'SPS4'!H1591+'SPS4'!H1638 -> 190.32748 | F7: ='SPS4'!I1134+'SPS4'!I1313+'SPS4'!I1397+'SPS4'!I1481+'SPS4'!I1488+'SPS4'!I1495+'SPS4'!I1544+'SPS4'!I1591+'SPS4'!I1638 -> 159.57728 | G7: ='SPS4'!J1134+'SPS4'!J1313+'SPS4'!J1397+'SPS4'!J1481+'SPS4'!J1488+'SPS4'!J1495+'SPS4'!J1544+'SPS4'!J1591+'SPS4'!J1638 -> 132.05025 | H7: ='SPS4'!K1134+'SPS4'!K1313+'SPS4'!K1397+'SPS4'!K1481+'SPS4'!K1488+'SPS4'!K1495+'SPS4'!K1544+'SPS4'!K1591+'SPS4'!K1638 -> 122.01748
B8: Fuel input to energy conversion and DAC | C8: =SUM(C9:C12) -> 509.62637 | D8: =SUM(D9:D12) -> 498.78589 | E8: =SUM(E9:E12) -> 522.66119 | F8: =SUM(F9:F12) -> 506.88997 | G8: =SUM(G9:G12) -> 431.51534 | H8: =SUM(H9:H12) -> 390.47036
B9: Electricity and heat | C9: ='SPS4'!F289+'SPS4'!F407 -> 493.47802 | D9: ='SPS4'!G289+'SPS4'!G407 -> 475.48484 | E9: ='SPS4'!H289+'SPS4'!H407 -> 495.45878 | F9: ='SPS4'!I289+'SPS4'!I407 -> 483.62285 | G9: ='SPS4'!J289+'SPS4'!J407 -> 406.21936 | H9: ='SPS4'!K289+'SPS4'!K407 -> 356.49655
B10: Biofuel production | C10: ='SPS4'!F588+'SPS4'!F602+'SPS4'!F642 -> 16.143487 | D10: ='SPS4'!G588+'SPS4'!G602+'SPS4'!G642 -> 23.293874 | E10: ='SPS4'!H588+'SPS4'!H602+'SPS4'!H642 -> 27.190851 | F10: ='SPS4'!I588+'SPS4'!I602+'SPS4'!I642 -> 23.233443 | G10: ='SPS4'!J588+'SPS4'!J602+'SPS4'!J642 -> 25.028291 | H10: ='SPS4'!K588+'SPS4'!K602+'SPS4'!K642 -> 33.718931
B11: Hydrogen production | C11: ='SPS4'!F677 -> 0.0048622588 | D11: ='SPS4'!G677 -> 0.0071721669 | E11: ='SPS4'!H677 -> 0.011555902 | F11: ='SPS4'!I677 -> 0.033668204 | G11: ='SPS4'!J677 -> 0.26768877 | H11: ='SPS4'!K677 -> 0.25487824
B12: DAC | C12: ='SPS4'!F1702 -> 0 | D12: ='SPS4'!G1702 -> 0 | E12: ='SPS4'!H1702 -> 0 | F12: ='SPS4'!I1702 -> 0 | G12: ='SPS4'!J1702 -> 0 | H12: ='SPS4'!K1702 -> 0
B13: Total Primary energy consumption | C13: ='SPS4'!F2+'SPS4'!F20-'SPS4'!F55 -> 962.52194 | D13: ='SPS4'!G2+'SPS4'!G20-'SPS4'!G55 -> 960.71259 | E13: ='SPS4'!H2+'SPS4'!H20-'SPS4'!H55 -> 944.75748 | F13: ='SPS4'!I2+'SPS4'!I20-'SPS4'!I55 -> 874.46565 | G13: ='SPS4'!J2+'SPS4'!J20-'SPS4'!J55 -> 755.59896 | H13: ='SPS4'!K2+'SPS4'!K20-'SPS4'!K55 -> 671.19023
B14: Domestic production | C14: ='SPS4'!F2 -> 300.18639 | D14: ='SPS4'!G2 -> 294.04758 | E14: ='SPS4'!H2 -> 370.47746 | F14: ='SPS4'!I2 -> 361.01552 | G14: ='SPS4'!J2 -> 404.5204 | H14: ='SPS4'!K2 -> 448.78003
B15: Imports | C15: ='SPS4'!F20 -> 779.50558 | D15: ='SPS4'!G20 -> 702.13551 | E15: ='SPS4'!H20 -> 629.06586 | F15: ='SPS4'!I20 -> 569.10916 | G15: ='SPS4'!J20 -> 370.77429 | H15: ='SPS4'!K20 -> 236.54661
B16: Exports | C16: ='SPS4'!F55 -> 117.17002 | D16: ='SPS4'!G55 -> 35.470499 | E16: ='SPS4'!H55 -> 54.785838 | F16: ='SPS4'!I55 -> 55.659035 | G16: ='SPS4'!J55 -> 19.695736 | H16: ='SPS4'!K55 -> 14.136407
