Workbook

Sheet Variable_List
B2: Variable | C2: Description | D2: Unit | E2: Comment
B3: Primary Production | C3: Domestic primary production of resources | D3: PJ/yr.
B4: Imports | C4: Imports of energy carriers | D4: PJ/yr.
B5: Exports | C5: Exports of energy carriers | D5: PJ/yr.
B6: Electricity generation | C6: Domestic electricity generation | D6: PJ/yr.
B7: Heat generation from CHPs and heat plants | C7: Domestic heat production from CHPs (District heating CHPs or onsite CHPs) and heat plants | D7: PJ/yr.
B8: Fuel input for electricity generation | C8: Fuel input allocated to domestic electricity generation only | D8: PJ/yr.
B9: Fuel input for heat generation from CHPs and heat plants | C9: Fuel input allocated to domestic heat production from CHPs and heat plants only | D9: PJ/yr.
B10: Efficiency of power plants (electric) | C10: Average annual efficiency of power plants and CHPs for electricity production only | D10: % | E10: The thermal efficiency of CHPs can be inferred from the Heat to Electricity production ratio, but it can also be provided; the average efficiency differs from the technical efficiency as it includes efficiency losses due to part load operation
B11: Efficiency of heat plants (thermal) | C11: Average annual efficiency of heat plants | D11: % | E11: It is the annual marketed efficiency including part load efficiency losses and differs from the full load nominal technical efficiency; for heat pumps refers to COP
B12: Domestic biodiesel production | C12: Domestic production of biodiesel | D12: PJ/yr.
B13: Heat from domestic biodiesel production | C13: Heat produced as byproduct from biodiesel production and fed into the district heating network | D13: PJ/yr.
B14: Fuel input for domestic biodiesel production | C14: Fuel input for the domestic production of biodiesel | D14: PJ/yr.
B15: Efficiency for domestic biodiesel production | C15: Average annual efficiency for biodiesel and heat production | D15: %
B16: Domestic ethanol production | C16: Domestic production of ethanol | D16: PJ/yr.
B17: Fuel input for domestic ethanol production | C17: Fuel input for the domestic production of ethanol | D17: PJ/yr.
B18: Efficiency for domestic ethanol production | C18: Average annual efficiency for domestic production of ethanol | D18: %
B19: Domestic biogas production | C19: Domestic production of biogas and biogenic syngas | D19: PJ/yr.
B20: Electricity from domestic biogas production | C20: Electriicty produced as byproduct from biogas production and fed into the grid | D20: PJ/yr.
B21: Heat from domestic biogas production | C21: Heat produced as byproduct from biogas production and fed into the district heating network | D21: PJ/yr.
B22: Fuel input for domestic biogas production | C22: Fuel input for domestic biogas production | D22: PJ/yr.
B23: Efficiency for domestic biogas production | C23: Average annual efficiency for biogas production (accounting for byproduct production) | D23: %
... B25: Fuel input for hydrogen production | C25: Fuel input for deomstic hydrogen production | D25: PJ/yr.
B26: Efficiency for hydrogen production | C26: Average annual efficiency for hydrogen production | D26: % | E26: Including losses due to part load operation
B27: Biomethane production from biogas upgrade | C27: Production of domestic biomethane from biogas | D27: PJ/yr. | E27: One technology only fuel output is biomethane
B28: Fuel input for biogas upgrade to biomethane | C28: Use of biogas for upgrade to biomethane | D28: PJ/yr. | E28: One technology only fuel input is biogas
B29: Efficiency for biomethane production from biogas upgrade | C29: Average annual efficiency of biogas to biomethane upgrade | D29: PJ/yr. | E29: One technology only fuel input is biogas, fuel output is biomethane
B30: Domestic PtG and PtL production | C30: Domestic production of power-to-gas and power-to-liquids | D30: PJ/yr.
B31: Fuel input for domestic PtG and PtL production | C31: Fuel used for domestic PtG and PtL production (excl. CO2) | D31: PJ/yr.
B32: Efficiency for domestic PtG and PtL production | C32: Average annual efficiency for PtG and PtL processes (excl. CO2 consumption) | D32: %
B33: CO2 input for domestic PtG and PtL production | C33: CO2 input for domestic PtG and PtL production | D33: Mt/yr. | E33: The distinction of the source of CO2 (biogenic or fossil) is also provided and can be proportionally allocated to the technologies for PtG and PtL
B34: Domestic wood to pellet production | C34: Wood conversion to pellet domestic production output | D34: PJ/yr. | E34: One technology only , input is wood output is pellet
B35: Fuel input for wood to pellet production | C35: Wood conversion to pellet domestic production - input wood required | D35: PJ/yr. | E35: One technology only , input is wood output is pellet
B36: Efficiency for wood to pellet production | C36: Average annual efficiency of wood to pellet conversion | D36: %
B37: Fuel consumption in industry sectors | C37: Fuel consumption in industry by fuel and technology | D37: PJ/yr. | E37: This unfortunately it will change when the new industrial sectors will be integrated into STEM
B38: Process and space heating production in industry sectors | C38: Energy service demand provided in the form of process and space heating in industry | D38: PJ/yr. | E38: This unfortunately it will change when the new industrial sectors will be integrated into STEM
B39: Efficiency in industry sectors | C39: Boilers efficiency and COP of heat pumps in the industrial sectors | D39: % | E39: This unfortunately it will change when the new industrial sectors will be integrated into STEM
B40: Fuel consumption in Services sectors | C40: Fuel consumption in services sectors by fuel and technology | D40: PJ/yr.
B41: Space water and process heat production in Services sectors | C41: Production of energy service demand for space, water and process heat in Services sectors | D41: PJ/yr.
B42: Efficiency in Services sectors | C42: Boilers efficiency and COP of heat pumps in the Services sectors | D42: %
B43: Fuel consumption in Residential sector | C43: Fuel consumption for residential space and water heating (differentiated) by fuel and technology | D43: PJ/yr.
B44: Space and water heat production in Residential sector | C44: Space and water heat production by technology in residential sectors | D44: PJ/yr.
B45: Efficiency in Residential sector | C45: Average annual efficiency of residential boilers including part load lossess | D45: %
B46: Fuel consumption in cars | C46: Fuel consumption in cars | D46: PJ/yr. | E46: The alternative fuels consumption is provided for totals but it can be proportionally allocated to cars
B47: Cars mileage | C47: Annual km driven by cars per car type and fuel | D47: billion km/yr.
B48: Cars efficiency | C48: Average annual efficiency across all the stock of the same car type | D48: km/MJ | E48: Some extreme values are artefacts from the solution (very small numbers close to zero in consumption or mileage or both)
B49: Fuel consumption in urban buses | C49: Fuel consumption in urban buses (not trolleybuses) | D49: PJ/yr.
B50: Urban buses mileage | C50: Annual km driven per urban bus type and fuel | D50: billion km/yr. | E50: Some extreme values are artefacts from the solution (very small numbers close to zero in consumption or mileage or both)
B51: Urban buses efficiency | C51: Average annual efficiency across all the stock of the same urban bus type | D51: km/MJ
B52: Fuel consumption in coaches | C52: Fuel consumption in coaches | D52: PJ/yr.
B53: Coaches mileage | C53: Annual km driven per coach type and fuel | D53: billion km/yr. | E53: Some extreme values are artefacts from the solution (very small numbers close to zero in consumption or mileage or both)
B54: Coaches efficiency | C54: Average annual efficiency across all the stock of the same coach type | D54: km/MJ
B55: Fuel consumption in trolleybuses | C55: Fuel consumption in trolleybuses | D55: PJ/yr.
B56: Trolleybuses mileage | C56: Annual km driven by trolleybus type and fuel | D56: billion km/yr.
B57: Trolleybuses efficiency | C57: Average annual efficiency across all the stock of the same trolleybus type | D57: km/MJ
B58: Fuel consumption in trams | C58: Fuel consumption in trams | D58: PJ/yr.
B59: Trams mileage | C59: Annual km driven by trams and fuel | D59: billion km/yr.
B60: Trams efficiency | C60: Average annual efficiency across all the stock of the same tram type | D60: km/MJ
B61: Fuel consumption in motorised two wheelers | C61: Fuel consumption in two wheelers by fuel and size | D61: PJ/yr.
B62: Motorised two wheelers mileage | C62: Annual km driven by type and fuel | D62: billion km/yr.
B63: Motorised two wheelers efficiency | C63: Average annual efficiency across all the stock of the same two wheelers type | D63: km/MJ
B64: Fuel consumption in light duty vehicles | C64: Fuel consumption in light duty vehicles by fuel and size | D64: PJ/yr.
B65: Light duty vehicles mileage | C65: Annual km driven by type and fuel | D65: billion km/yr.
... B90: Urban buses stock additions | C90: New urban buses registrations - the number in a year is cummulative registrations for the period represented under this year | D90: Million
B91: Coaches stock additions | C91: New coaches registrations - the number in a year is cummulative registrations for the period represented under this year
B92: Light duty vehicles stock additions | C92: New light duty vehicle registrations - the number in a year is cummulative registrations for the period represented under this year
B93: Heavy duty vehicles stock additions | C93: New heavy duty vehicle registrations - the number in a year is cummulative registrations for the period represented under this year
B94: Space and water heat boiler capacity additions in Residential sector | C94: Newly installed capacity - the capacity additions are reported for the whole period represented under the milestone year | D94: GWth/yr.
B95: Process and space heating capacity additions in industry sectors | C95: Newly installed capacity - the capacity additions are reported for the whole period represented under the milestone year | D95: GWth/yr.
B96: Space water and process heat boiler capacity additions in Services sectors | C96: Newly installed capacity - the capacity additions are reported for the whole period represented under the milestone year | D96: GWth/yr.
B97: Domestic hydrogen production capacity additions | C97: Newly installed capacity - the capacity additions are reported for the whole period represented under the milestone year | D97: GW-H2/yr.
B98: Other fuel synthesis capacity additions | C98: Newly installed capacity - the capacity additions are reported for the whole period represented under the milestone year | D98: GW-output/yr.

Sheet SPS4_FIN_Mid
A1: Model | B1: Scenario | C1: Region | D1: Variable | E1: Unit | F1: 2020 | G1: 2022 | H1: 2025 | I1: 2030 | J1: 2035 | K1: 2040 | L1: 2050
A2: STEM | B2: SPS1 | C2: CH | D2: Primary Production | E2: PJ/yr. | F2: =F3+F8+F11+F12+F16+F17+F18+F19 -> 300.18603 | G2: =G3+G8+G11+G12+G16+G17+G18+G19 -> 295.45269 | H2: =H3+H8+H11+H12+H16+H17+H18+H19 -> 329.78473 | I2: =I3+I8+I11+I12+I16+I17+I18+I19 -> 369.92536 | J2: =J3+J8+J11+J12+J16+J17+J18+J19 -> 380.57144 | K2: =K3+K8+K11+K12+K16+K17+K18+K19 -> 399.36943 | L2: =L3+L8+L11+L12+L16+L17+L18+L19 -> 439.19998
A3: =A2 -> STEM | B3: =B2 -> SPS1 | C3: =C2 -> CH | D3: Primary Production|Wood | E3: PJ/yr. | F3: =SUM(F4:F7) -> 44.972435 | G3: =SUM(G4:G7) -> 48.190471 | H3: =SUM(H4:H7) -> 48.190518 | I3: =SUM(I4:I7) -> 48.19052 | J3: =SUM(J4:J7) -> 51.97712 | K3: =SUM(K4:K7) -> 52.485978 | L3: =SUM(L4:L7) -> 52.485983
A4: =A3 -> STEM | B4: =B3 -> SPS1 | C4: =C3 -> CH | D4: Primary Production|Wood|Waste wood | E4: PJ/yr. | F4: {=SUMPRODUCT(("RNWWOD1"=[1]OUT_PrimaryEnergyCons!$A$1:$A$1000)*1,[1]OUT_PrimaryEnergyCons!D$1:D$1000)} -> 11.111878 | G4: {=SUMPRODUCT(("RNWWOD1"=[1]OUT_PrimaryEnergyCons!$A$1:$A$1000)*1,[1]OUT_PrimaryEnergyCons!E$1:E$1000)} -> 11.952884 | H4: {=SUMPRODUCT(("RNWWOD1"=[1]OUT_PrimaryEnergyCons!$A$1:$A$1000)*1,[1]OUT_PrimaryEnergyCons!F$1:F$1000)} -> 13.214394 | I4: {=SUMPRODUCT(("RNWWOD1"=[1]OUT_PrimaryEnergyCons!$A$1:$A$1000)*1,[1]OUT_PrimaryEnergyCons!G$1:G$1000)} -> 15.31691 | J4: {=SUMPRODUCT(("RNWWOD1"=[2]OUT_PrimaryEnergyCons!$A$1:$A$1000)*1,[2]OUT_PrimaryEnergyCons!H$1:H$1000)} -> 15.849139 | K4: {=SUMPRODUCT(("RNWWOD1"=[2]OUT_PrimaryEnergyCons!$A$1:$A$1000)*1,[2]OUT_PrimaryEnergyCons!I$1:I$1000)} -> 16.266396 | L4: {=SUMPRODUCT(("RNWWOD1"=[2]OUT_PrimaryEnergyCons!$A$1:$A$1000)*1,[2]OUT_PrimaryEnergyCons!J$1:J$1000)} -> 16.956994
A5: =A4 -> STEM | B5: =B4 -> SPS1 | C5: =C4 -> CH | D5: Primary Production|Wood|Wood residues | E5: PJ/yr. | F5: {=SUMPRODUCT(("RNWWOD2"=[1]OUT_PrimaryEnergyCons!$A$1:$A$1000)*1,[1]OUT_PrimaryEnergyCons!D$1:D$1000)} -> 7.5116713 | G5: {=SUMPRODUCT(("RNWWOD2"=[1]OUT_PrimaryEnergyCons!$A$1:$A$1000)*1,[1]OUT_PrimaryEnergyCons!E$1:E$1000)} -> 7.5431417 | H5: {=SUMPRODUCT(("RNWWOD2"=[1]OUT_PrimaryEnergyCons!$A$1:$A$1000)*1,[1]OUT_PrimaryEnergyCons!F$1:F$1000)} -> 7.5903487 | I5: {=SUMPRODUCT(("RNWWOD2"=[1]OUT_PrimaryEnergyCons!$A$1:$A$1000)*1,[1]OUT_PrimaryEnergyCons!G$1:G$1000)} -> 7.6690272 | J5: {=SUMPRODUCT(("RNWWOD2"=[2]OUT_PrimaryEnergyCons!$A$1:$A$1000)*1,[2]OUT_PrimaryEnergyCons!H$1:H$1000)} -> 7.6690263 | K5: {=SUMPRODUCT(("RNWWOD2"=[2]OUT_PrimaryEnergyCons!$A$1:$A$1000)*1,[2]OUT_PrimaryEnergyCons!I$1:I$1000)} -> 7.6690266 | L5: {=SUMPRODUCT(("RNWWOD2"=[2]OUT_PrimaryEnergyCons!$A$1:$A$1000)*1,[2]OUT_PrimaryEnergyCons!J$1:J$1000)} -> 7.669027
A6: =A5 -> STEM | B6: =B5 -> SPS1 | C6: =C5 -> CH | D6: Primary Production|Wood|Wood from landscape maintenance | E6: PJ/yr. | F6: {=SUMPRODUCT(("RNWWOD3"=[1]OUT_PrimaryEnergyCons!$A$1:$A$1000)*1,[1]OUT_PrimaryEnergyCons!D$1:D$1000)} -> 3.1682452 | G6: {=SUMPRODUCT(("RNWWOD3"=[1]OUT_PrimaryEnergyCons!$A$1:$A$1000)*1,[1]OUT_PrimaryEnergyCons!E$1:E$1000)} -> 3.4956727 | H6: {=SUMPRODUCT(("RNWWOD3"=[1]OUT_PrimaryEnergyCons!$A$1:$A$1000)*1,[1]OUT_PrimaryEnergyCons!F$1:F$1000)} -> 3.9868152 | I6: {=SUMPRODUCT(("RNWWOD3"=[1]OUT_PrimaryEnergyCons!$A$1:$A$1000)*1,[1]OUT_PrimaryEnergyCons!G$1:G$1000)} -> 4.8053865 | J6: {=SUMPRODUCT(("RNWWOD3"=[2]OUT_PrimaryEnergyCons!$A$1:$A$1000)*1,[2]OUT_PrimaryEnergyCons!H$1:H$1000)} -> 4.8053855 | K6: {=SUMPRODUCT(("RNWWOD3"=[2]OUT_PrimaryEnergyCons!$A$1:$A$1000)*1,[2]OUT_PrimaryEnergyCons!I$1:I$1000)} -> 4.8053859 | L6: {=SUMPRODUCT(("RNWWOD3"=[2]OUT_PrimaryEnergyCons!$A$1:$A$1000)*1,[2]OUT_PrimaryEnergyCons!J$1:J$1000)} -> 4.8053859
A7: =A6 -> STEM | B7: =B6 -> SPS1 | C7: =C6 -> CH | D7: Primary Production|Wood|Wood from Forest (hard wood) | E7: PJ/yr. | F7: {=SUMPRODUCT(("RNWWOD4"=[1]OUT_PrimaryEnergyCons!$A$1:$A$1000)*1+("RNWWOD5"=[1]OUT_PrimaryEnergyCons!$A$1:$A$1000)*1,[1]OUT_PrimaryEnergyCons!D$1:D$1000)} -> 23.180641 | G7: {=SUMPRODUCT(("RNWWOD4"=[1]OUT_PrimaryEnergyCons!$A$1:$A$1000)*1+("RNWWOD5"=[1]OUT_PrimaryEnergyCons!$A$1:$A$1000)*1,[1]OUT_PrimaryEnergyCons!E$1:E$1000)} -> 25.198773 | H7: {=SUMPRODUCT(("RNWWOD4"=[1]OUT_PrimaryEnergyCons!$A$1:$A$1000)*1+("RNWWOD5"=[1]OUT_PrimaryEnergyCons!$A$1:$A$1000)*1,[1]OUT_PrimaryEnergyCons!F$1:F$1000)} -> 23.39896 | I7: {=SUMPRODUCT(("RNWWOD4"=[1]OUT_PrimaryEnergyCons!$A$1:$A$1000)*1+("RNWWOD5"=[1]OUT_PrimaryEnergyCons!$A$1:$A$1000)*1,[1]OUT_PrimaryEnergyCons!G$1:G$1000)} -> 20.399196 | J7: {=SUMPRODUCT(("RNWWOD4"=[2]OUT_PrimaryEnergyCons!$A$1:$A$1000)*1+("RNWWOD5"=[2]OUT_PrimaryEnergyCons!$A$1:$A$1000)*1,[2]OUT_PrimaryEnergyCons!H$1:H$1000)} -> 23.65357 | K7: {=SUMPRODUCT(("RNWWOD4"=[2]OUT_PrimaryEnergyCons!$A$1:$A$1000)*1+("RNWWOD5"=[2]OUT_PrimaryEnergyCons!$A$1:$A$1000)*1,[2]OUT_PrimaryEnergyCons!I$1:I$1000)} -> 23.745169 | L7: {=SUMPRODUCT(("RNWWOD4"=[2]OUT_PrimaryEnergyCons!$A$1:$A$1000)*1+("RNWWOD5"=[2]OUT_PrimaryEnergyCons!$A$1:$A$1000)*1,[2]OUT_PrimaryEnergyCons!J$1:J$1000)} -> 23.054576
A8: =A7 -> STEM | B8: =B7 -> SPS1 | C8: =C7 -> CH | D8: Primary Production|Waste | E8: PJ/yr. | F8: =SUM(F9:F10) -> 70.031508 | G8: =SUM(G9:G10) -> 70.696979 | H8: =SUM(H9:H10) -> 70.30407 | I8: =SUM(I9:I10) -> 69.85456 | J8: =SUM(J9:J10) -> 69.101283 | K8: =SUM(K9:K10) -> 69.323162 | L8: =SUM(L9:L10) -> 69.7669
A9: =A8 -> STEM | B9: =B8 -> SPS1 | C9: =C8 -> CH | D9: Primary Production|Waste|Non renewable waste | E9: PJ/yr. | F9: {=SUMPRODUCT(("RNNWWST1"=[1]OUT_PrimaryEnergyCons!$A$1:$A$1000)*1,[1]OUT_PrimaryEnergyCons!D$1:D$1000)} -> 35.931071 | G9: {=SUMPRODUCT(("RNNWWST1"=[1]OUT_PrimaryEnergyCons!$A$1:$A$1000)*1,[1]OUT_PrimaryEnergyCons!E$1:E$1000)} -> 35.882384 | H9: {=SUMPRODUCT(("RNNWWST1"=[1]OUT_PrimaryEnergyCons!$A$1:$A$1000)*1,[1]OUT_PrimaryEnergyCons!F$1:F$1000)} -> 35.489473 | I9: {=SUMPRODUCT(("RNNWWST1"=[1]OUT_PrimaryEnergyCons!$A$1:$A$1000)*1,[1]OUT_PrimaryEnergyCons!G$1:G$1000)} -> 35.039965 | J9: {=SUMPRODUCT(("RNNWWST1"=[2]OUT_PrimaryEnergyCons!$A$1:$A$1000)*1,[2]OUT_PrimaryEnergyCons!H$1:H$1000)} -> 34.937586 | K9: {=SUMPRODUCT(("RNNWWST1"=[2]OUT_PrimaryEnergyCons!$A$1:$A$1000)*1,[2]OUT_PrimaryEnergyCons!I$1:I$1000)} -> 35.15945 | L9: {=SUMPRODUCT(("RNNWWST1"=[2]OUT_PrimaryEnergyCons!$A$1:$A$1000)*1,[2]OUT_PrimaryEnergyCons!J$1:J$1000)} -> 35.603176
A10: =A9 -> STEM | B10: =B9 -> SPS1 | C10: =C9 -> CH | D10: Primary Production|Waste|Renewable waste | E10: PJ/yr. | F10: {=SUMPRODUCT(("RNWWST1"=[1]OUT_PrimaryEnergyCons!$A$1:$A$1000)*1,[1]OUT_PrimaryEnergyCons!D$1:D$1000)} -> 34.100436 | G10: {=SUMPRODUCT(("RNWWST1"=[1]OUT_PrimaryEnergyCons!$A$1:$A$1000)*1,[1]OUT_PrimaryEnergyCons!E$1:E$1000)} -> 34.814595 | H10: {=SUMPRODUCT(("RNWWST1"=[1]OUT_PrimaryEnergyCons!$A$1:$A$1000)*1,[1]OUT_PrimaryEnergyCons!F$1:F$1000)} -> 34.814597 | I10: {=SUMPRODUCT(("RNWWST1"=[1]OUT_PrimaryEnergyCons!$A$1:$A$1000)*1,[1]OUT_PrimaryEnergyCons!G$1:G$1000)} -> 34.814595 | J10: {=SUMPRODUCT(("RNWWST1"=[2]OUT_PrimaryEnergyCons!$A$1:$A$1000)*1,[2]OUT_PrimaryEnergyCons!H$1:H$1000)} -> 34.163698 | K10: {=SUMPRODUCT(("RNWWST1"=[2]OUT_PrimaryEnergyCons!$A$1:$A$1000)*1,[2]OUT_PrimaryEnergyCons!I$1:I$1000)} -> 34.163712 | L10: {=SUMPRODUCT(("RNWWST1"=[2]OUT_PrimaryEnergyCons!$A$1:$A$1000)*1,[2]OUT_PrimaryEnergyCons!J$1:J$1000)} -> 34.163724
A11: =A10 -> STEM | B11: =B10 -> SPS1 | C11: =C10 -> CH | D11: Primary Production|Manure | E11: PJ/yr. | F11: {=SUMPRODUCT(("mnr"=[1]OUT_PrimaryEnergyCons!$C$1:$C$1000)*1,[1]OUT_PrimaryEnergyCons!D$1:D$1000)} -> 3.7980856 | G11: {=SUMPRODUCT(("mnr"=[1]OUT_PrimaryEnergyCons!$C$1:$C$1000)*1,[1]OUT_PrimaryEnergyCons!E$1:E$1000)} -> 12.115548 | H11: {=SUMPRODUCT(("mnr"=[1]OUT_PrimaryEnergyCons!$C$1:$C$1000)*1,[1]OUT_PrimaryEnergyCons!F$1:F$1000)} -> 12.540331 | I11: {=SUMPRODUCT(("mnr"=[1]OUT_PrimaryEnergyCons!$C$1:$C$1000)*1,[1]OUT_PrimaryEnergyCons!G$1:G$1000)} -> 12.540426 | J11: {=SUMPRODUCT(("mnr"=[2]OUT_PrimaryEnergyCons!$C$1:$C$1000)*1,[2]OUT_PrimaryEnergyCons!H$1:H$1000)} -> 12.540427 | K11: {=SUMPRODUCT(("mnr"=[2]OUT_PrimaryEnergyCons!$C$1:$C$1000)*1,[2]OUT_PrimaryEnergyCons!I$1:I$1000)} -> 12.683045 | L11: {=SUMPRODUCT(("mnr"=[2]OUT_PrimaryEnergyCons!$C$1:$C$1000)*1,[2]OUT_PrimaryEnergyCons!J$1:J$1000)} -> 12.683748
A12: =A11 -> STEM | B12: =B11 -> SPS1 | C12: =C11 -> CH | D12: Primary Production|Hydro | E12: PJ/yr. | F12: =SUM(F13:F15) -> 149.43048 | G12: =SUM(G13:G15) -> 125.60471 | H12: =SUM(H13:H15) -> 137.62371 | I12: =SUM(I13:I15) -> 150.62455 | J12: =SUM(J13:J15) -> 150.6765 | K12: =SUM(K13:K15) -> 150.80707 | L12: =SUM(L13:L15) -> 151.04819
A13: =A12 -> STEM | B13: =B12 -> SPS1 | C13: =C12 -> CH | D13: Primary Production|Hydro|Large hydro | E13: PJ/yr. | F13: {=SUMPRODUCT(ISNUMBER(SEARCH("EHYD-DAM",[1]OUT_Electricity_CHP!$B$1:$B$10000))*1,([1]OUT_Electricity_CHP!$C$1:$C$10000="Var_Fout")*1,ISNUMBER(SEARCH("ELC",[1]OUT_Electricity_CHP!$D$1:$D$10000))*1,[1]OUT_Electricity_CHP!E$1:E$10000)} -> 66.74568 | G13: {=SUMPRODUCT(ISNUMBER(SEARCH("EHYD-DAM",[1]OUT_Electricity_CHP!$B$1:$B$10000))*1,([1]OUT_Electricity_CHP!$C$1:$C$10000="Var_Fout")*1,ISNUMBER(SEARCH("ELC",[1]OUT_Electricity_CHP!$D$1:$D$10000))*1,[1]OUT_Electricity_CHP!F$1:F$10000)} -> 49.7988 | H13: {=SUMPRODUCT(ISNUMBER(SEARCH("EHYD-DAM",[1]OUT_Electricity_CHP!$B$1:$B$10000))*1,([1]OUT_Electricity_CHP!$C$1:$C$10000="Var_Fout")*1,ISNUMBER(SEARCH("ELC",[1]OUT_Electricity_CHP!$D$1:$D$10000))*1,[1]OUT_Electricity_CHP!G$1:G$10000)} -> 69.098092 | I13: {=SUMPRODUCT(ISNUMBER(SEARCH("EHYD-DAM",[1]OUT_Electricity_CHP!$B$1:$B$10000))*1,([1]OUT_Electricity_CHP!$C$1:$C$10000="Var_Fout")*1,ISNUMBER(SEARCH("ELC",[1]OUT_Electricity_CHP!$D$1:$D$10000))*1,[1]OUT_Electricity_CHP!H$1:H$10000)} -> 70.384658 | J13: {=SUMPRODUCT(ISNUMBER(SEARCH("EHYD-DAM",[2]OUT_Electricity_CHP!$B$1:$B$10000))*1,([2]OUT_Electricity_CHP!$C$1:$C$10000="Var_Fout")*1,ISNUMBER(SEARCH("ELC",[2]OUT_Electricity_CHP!$D$1:$D$10000))*1,[2]OUT_Electricity_CHP!I$1:I$10000)} -> 71.522015 | K13: {=SUMPRODUCT(ISNUMBER(SEARCH("EHYD-DAM",[2]OUT_Electricity_CHP!$B$1:$B$10000))*1,([2]OUT_Electricity_CHP!$C$1:$C$10000="Var_Fout")*1,ISNUMBER(SEARCH("ELC",[2]OUT_Electricity_CHP!$D$1:$D$10000))*1,[2]OUT_Electricity_CHP!J$1:J$10000)} -> 72.605806 | L13: {=SUMPRODUCT(ISNUMBER(SEARCH("EHYD-DAM",[2]OUT_Electricity_CHP!$B$1:$B$10000))*1,([2]OUT_Electricity_CHP!$C$1:$C$10000="Var_Fout")*1,ISNUMBER(SEARCH("ELC",[2]OUT_Electricity_CHP!$D$1:$D$10000))*1,[2]OUT_Electricity_CHP!K$1:K$10000)} -> 74.775641
A14: =A13 -> STEM | B14: =B13 -> SPS1 | C14: =C13 -> CH | D14: Primary Production|Hydro|Run-of-river hydro | E14: PJ/yr. | F14: {=SUMPRODUCT(ISNUMBER(SEARCH("EHYD-RUN",[1]OUT_Electricity_CHP!$B$1:$B$10000))*1,([1]OUT_Electricity_CHP!$C$1:$C$10000="Var_Fout")*1,ISNUMBER(SEARCH("ELC",[1]OUT_Electricity_CHP!$D$1:$D$10000))*1,[1]OUT_Electricity_CHP!E$1:E$10000)} -> 66.6324 | G14: {=SUMPRODUCT(ISNUMBER(SEARCH("EHYD-RUN",[1]OUT_Electricity_CHP!$B$1:$B$10000))*1,([1]OUT_Electricity_CHP!$C$1:$C$10000="Var_Fout")*1,ISNUMBER(SEARCH("ELC",[1]OUT_Electricity_CHP!$D$1:$D$10000))*1,[1]OUT_Electricity_CHP!F$1:F$10000)} -> 55.764 | H14: {=SUMPRODUCT(ISNUMBER(SEARCH("EHYD-RUN",[1]OUT_Electricity_CHP!$B$1:$B$10000))*1,([1]OUT_Electricity_CHP!$C$1:$C$10000="Var_Fout")*1,ISNUMBER(SEARCH("ELC",[1]OUT_Electricity_CHP!$D$1:$D$10000))*1,[1]OUT_Electricity_CHP!G$1:G$10000)} -> 65.549521 | I14: {=SUMPRODUCT(ISNUMBER(SEARCH("EHYD-RUN",[1]OUT_Electricity_CHP!$B$1:$B$10000))*1,([1]OUT_Electricity_CHP!$C$1:$C$10000="Var_Fout")*1,ISNUMBER(SEARCH("ELC",[1]OUT_Electricity_CHP!$D$1:$D$10000))*1,[1]OUT_Electricity_CHP!H$1:H$10000)} -> 64.465726 | J14: {=SUMPRODUCT(ISNUMBER(SEARCH("EHYD-RUN",[2]OUT_Electricity_CHP!$B$1:$B$10000))*1,([2]OUT_Electricity_CHP!$C$1:$C$10000="Var_Fout")*1,ISNUMBER(SEARCH("ELC",[2]OUT_Electricity_CHP!$D$1:$D$10000))*1,[2]OUT_Electricity_CHP!I$1:I$10000)} -> 63.385012 | K14: {=SUMPRODUCT(ISNUMBER(SEARCH("EHYD-RUN",[2]OUT_Electricity_CHP!$B$1:$B$10000))*1,([2]OUT_Electricity_CHP!$C$1:$C$10000="Var_Fout")*1,ISNUMBER(SEARCH("ELC",[2]OUT_Electricity_CHP!$D$1:$D$10000))*1,[2]OUT_Electricity_CHP!J$1:J$10000)} -> 62.301222 | L14: {=SUMPRODUCT(ISNUMBER(SEARCH("EHYD-RUN",[2]OUT_Electricity_CHP!$B$1:$B$10000))*1,([2]OUT_Electricity_CHP!$C$1:$C$10000="Var_Fout")*1,ISNUMBER(SEARCH("ELC",[2]OUT_Electricity_CHP!$D$1:$D$10000))*1,[2]OUT_Electricity_CHP!K$1:K$10000)} -> 60.131389
A15: =A14 -> STEM | B15: =B14 -> SPS1 | C15: =C14 -> CH | D15: Primary Production|Hydro|Pump storage | E15: PJ/yr. | F15: {=SUMPRODUCT(ISNUMBER(SEARCH("EHYD-PUM",[1]OUT_Electricity_CHP!$B$1:$B$10000))*1,([1]OUT_Electricity_CHP!$C$1:$C$10000="Var_Fin")*1,ISNUMBER(SEARCH("elc",[1]OUT_Electricity_CHP!$D$1:$D$10000))*1,[1]OUT_Electricity_CHP!E$1:E$10000)} -> 16.052401 | G15: {=SUMPRODUCT(ISNUMBER(SEARCH("EHYD-PUM",[1]OUT_Electricity_CHP!$B$1:$B$10000))*1,([1]OUT_Electricity_CHP!$C$1:$C$10000="Var_Fin")*1,ISNUMBER(SEARCH("elc",[1]OUT_Electricity_CHP!$D$1:$D$10000))*1,[1]OUT_Electricity_CHP!F$1:F$10000)} -> 20.041905 | H15: {=SUMPRODUCT(ISNUMBER(SEARCH("EHYD-PUM",[1]OUT_Electricity_CHP!$B$1:$B$10000))*1,([1]OUT_Electricity_CHP!$C$1:$C$10000="Var_Fin")*1,ISNUMBER(SEARCH("elc",[1]OUT_Electricity_CHP!$D$1:$D$10000))*1,[1]OUT_Electricity_CHP!G$1:G$10000)} -> 2.9761012 | I15: {=SUMPRODUCT(ISNUMBER(SEARCH("EHYD-PUM",[1]OUT_Electricity_CHP!$B$1:$B$10000))*1,([1]OUT_Electricity_CHP!$C$1:$C$10000="Var_Fin")*1,ISNUMBER(SEARCH("elc",[1]OUT_Electricity_CHP!$D$1:$D$10000))*1,[1]OUT_Electricity_CHP!H$1:H$10000)} -> 15.774166 | J15: {=SUMPRODUCT(ISNUMBER(SEARCH("EHYD-PUM",[2]OUT_Electricity_CHP!$B$1:$B$10000))*1,([2]OUT_Electricity_CHP!$C$1:$C$10000="Var_Fin")*1,ISNUMBER(SEARCH("elc",[2]OUT_Electricity_CHP!$D$1:$D$10000))*1,[2]OUT_Electricity_CHP!I$1:I$10000)} -> 15.769474 | K15: {=SUMPRODUCT(ISNUMBER(SEARCH("EHYD-PUM",[2]OUT_Electricity_CHP!$B$1:$B$10000))*1,([2]OUT_Electricity_CHP!$C$1:$C$10000="Var_Fin")*1,ISNUMBER(SEARCH("elc",[2]OUT_Electricity_CHP!$D$1:$D$10000))*1,[2]OUT_Electricity_CHP!J$1:J$10000)} -> 15.900043 | L15: {=SUMPRODUCT(ISNUMBER(SEARCH("EHYD-PUM",[2]OUT_Electricity_CHP!$B$1:$B$10000))*1,([2]OUT_Electricity_CHP!$C$1:$C$10000="Var_Fin")*1,ISNUMBER(SEARCH("elc",[2]OUT_Electricity_CHP!$D$1:$D$10000))*1,[2]OUT_Electricity_CHP!K$1:K$10000)} -> 16.141157
A16: =A15 -> STEM | B16: =B15 -> SPS1 | C16: =C15 -> CH | D16: Primary Production|Solar | E16: PJ/yr. | F16: {=SUMPRODUCT(ISNUMBER(SEARCH("SOL",[1]OUT_PrimaryEnergyCons!$C$1:$C$1000))*1,[1]OUT_PrimaryEnergyCons!D$1:D$1000)} -> 12.556465 | G16: {=SUMPRODUCT(ISNUMBER(SEARCH("SOL",[1]OUT_PrimaryEnergyCons!$C$1:$C$1000))*1,[1]OUT_PrimaryEnergyCons!E$1:E$1000)} -> 16.522193 | H16: {=SUMPRODUCT(ISNUMBER(SEARCH("SOL",[1]OUT_PrimaryEnergyCons!$C$1:$C$1000))*1,[1]OUT_PrimaryEnergyCons!F$1:F$1000)} -> 30.343315 | I16: {=SUMPRODUCT(ISNUMBER(SEARCH("SOL",[1]OUT_PrimaryEnergyCons!$C$1:$C$1000))*1,[1]OUT_PrimaryEnergyCons!G$1:G$1000)} -> 40.766964 | J16: {=SUMPRODUCT(ISNUMBER(SEARCH("SOL",[2]OUT_PrimaryEnergyCons!$C$1:$C$1000))*1,[2]OUT_PrimaryEnergyCons!H$1:H$1000)} -> 41.979494 | K16: {=SUMPRODUCT(ISNUMBER(SEARCH("SOL",[2]OUT_PrimaryEnergyCons!$C$1:$C$1000))*1,[2]OUT_PrimaryEnergyCons!I$1:I$1000)} -> 52.413665 | L16: {=SUMPRODUCT(ISNUMBER(SEARCH("SOL",[2]OUT_PrimaryEnergyCons!$C$1:$C$1000))*1,[2]OUT_PrimaryEnergyCons!J$1:J$1000)} -> 70.02093
A17: =A16 -> STEM | B17: =B16 -> SPS1 | C17: =C16 -> CH | D17: Primary Production|Wind | E17: PJ/yr. | F17: {=SUMPRODUCT(ISNUMBER(SEARCH("wnd",[1]OUT_PrimaryEnergyCons!$C$1:$C$1000))*1,[1]OUT_PrimaryEnergyCons!D$1:D$1000)} -> 0.52400642 | G17: {=SUMPRODUCT(ISNUMBER(SEARCH("wnd",[1]OUT_PrimaryEnergyCons!$C$1:$C$1000))*1,[1]OUT_PrimaryEnergyCons!E$1:E$1000)} -> 0.54529297 | H17: {=SUMPRODUCT(ISNUMBER(SEARCH("wnd",[1]OUT_PrimaryEnergyCons!$C$1:$C$1000))*1,[1]OUT_PrimaryEnergyCons!F$1:F$1000)} -> 0.50316557 | I17: {=SUMPRODUCT(ISNUMBER(SEARCH("wnd",[1]OUT_PrimaryEnergyCons!$C$1:$C$1000))*1,[1]OUT_PrimaryEnergyCons!G$1:G$1000)} -> 2.050267 | J17: {=SUMPRODUCT(ISNUMBER(SEARCH("wnd",[2]OUT_PrimaryEnergyCons!$C$1:$C$1000))*1,[2]OUT_PrimaryEnergyCons!H$1:H$1000)} -> 0.90413732 | K17: {=SUMPRODUCT(ISNUMBER(SEARCH("wnd",[2]OUT_PrimaryEnergyCons!$C$1:$C$1000))*1,[2]OUT_PrimaryEnergyCons!I$1:I$1000)} -> 0.9041456 | L17: {=SUMPRODUCT(ISNUMBER(SEARCH("wnd",[2]OUT_PrimaryEnergyCons!$C$1:$C$1000))*1,[2]OUT_PrimaryEnergyCons!J$1:J$1000)} -> 0.90422475
A18: =A17 -> STEM | B18: =B17 -> SPS1 | C18: =C17 -> CH | D18: Primary Production|Ambient heat | E18: PJ/yr. | F18: =[1]Overview!B$9-F19 -> 18.873044 | G18: =[1]Overview!C$9-G19 -> 21.777499 | H18: =[1]Overview!D$9-H19 -> 30.279619 | I18: =[1]Overview!E$9-I19 -> 45.898069 | J18: =[2]Overview!F$9-J19 -> 53.39248 | K18: =[2]Overview!G$9-K19 -> 60.737495 | L18: =[2]Overview!H$9-L19 -> 82.195564
A19: =A18 -> STEM | B19: =B18 -> SPS1 | C19: =C18 -> CH | D19: Primary Production|Geothermal | E19: PJ/yr. | F19: =+[1]Overview!B$28 -> 0 | G19: =+[1]Overview!C$28 -> 0 | H19: =+[1]Overview!D$28 -> 0 | I19: =+[1]Overview!E$28 -> 0 | J19: =+[2]Overview!F$28 -> 0 | K19: =+[2]Overview!G$28 -> 0.014871188 | L19: =+[2]Overview!H$28 -> 0.094440011
A20: =A19 -> STEM | B20: =B19 -> SPS1 | C20: =C19 -> CH | D20: Imports | E20: PJ/yr. | F20: =SUM(F21:F22,F41,F50:F51,F56) -> 779.2967 | G20: =SUM(G21:G22,G41,G50:G51,G56) -> 700.84944 | H20: =SUM(H21:H22,H41,H50:H51,H56) -> 657.91151 | I20: =SUM(I21:I22,I41,I50:I51,I56) -> 553.03123 | J20: =SUM(J21:J22,J41,J50:J51,J56) -> 471.4972 | K20: =SUM(K21:K22,K41,K50:K51,K56) -> 375.71981 | L20: =SUM(L21:L22,L41,L50:L51,L56) -> 233.59138
A21: =A20 -> STEM | B21: =B20 -> SPS1 | C21: =C20 -> CH | D21: Imports|Coal | E21: PJ/yr. | F21: {=SUMPRODUCT(("COA"=[1]OUT_PrimaryEnergyCons!$C$4:$C$10000)*1,[1]OUT_PrimaryEnergyCons!D$4:D$10000)} -> 3.6600053 | G21: {=SUMPRODUCT(("COA"=[1]OUT_PrimaryEnergyCons!$C$4:$C$10000)*1,[1]OUT_PrimaryEnergyCons!E$4:E$10000)} -> 3.5647181 | H21: {=SUMPRODUCT(("COA"=[1]OUT_PrimaryEnergyCons!$C$4:$C$10000)*1,[1]OUT_PrimaryEnergyCons!F$4:F$10000)} -> 3.36728 | I21: {=SUMPRODUCT(("COA"=[1]OUT_PrimaryEnergyCons!$C$4:$C$10000)*1,[1]OUT_PrimaryEnergyCons!G$4:G$10000)} -> 0.0062984431 | J21: {=SUMPRODUCT(("COA"=[2]OUT_PrimaryEnergyCons!$C$4:$C$10000)*1,[2]OUT_PrimaryEnergyCons!H$4:H$10000)} -> 0.0027491159 | K21: {=SUMPRODUCT(("COA"=[2]OUT_PrimaryEnergyCons!$C$4:$C$10000)*1,[2]OUT_PrimaryEnergyCons!I$4:I$10000)} -> 0.00069913213 | L21: {=SUMPRODUCT(("COA"=[2]OUT_PrimaryEnergyCons!$C$4:$C$10000)*1,[2]OUT_PrimaryEnergyCons!J$4:J$10000)} -> 0.00037509623
A22: =A21 -> STEM | B22: =B21 -> SPS1 | C22: =C21 -> CH | D22: Imports|Oil | E22: PJ/yr. | F22: =F23+F29 -> 310.48072 | G22: =G23+G29 -> 286.47395 | H22: =H23+H29 -> 263.66721 | I22: =I23+I29 -> 186.63073 | J22: =J23+J29 -> 135.95879 | K22: =K23+K29 -> 120.89165 | L22: =L23+L29 -> 92.010805
A23: =A22 -> STEM | B23: =B22 -> SPS1 | C23: =C22 -> CH | D23: Imports|Oil|Fossil liquids | E23: PJ/yr. | F23: =SUM(F24:F28) -> 303.6756 | G23: =SUM(G24:G28) -> 279.76996 | H23: =SUM(H24:H28) -> 256.48635 | I23: =SUM(I24:I28) -> 174.92568 | J23: =SUM(J24:J28) -> 125.21581 | K23: =SUM(K24:K28) -> 110.16566 | L23: =SUM(L24:L28) -> 81.616765
A24: =A22 -> STEM | B24: =B22 -> SPS1 | C24: =C22 -> CH | D24: Imports|Oil|Fossil liquids|Light fuel oil | E24: PJ/yr. | F24: {=SUMPRODUCT(("LFO"=[1]OUT_PrimaryEnergyCons!$C$4:$C$10000)*1,[1]OUT_PrimaryEnergyCons!D$4:D$10000)} -> 101.72708 | G24: {=SUMPRODUCT(("LFO"=[1]OUT_PrimaryEnergyCons!$C$4:$C$10000)*1,[1]OUT_PrimaryEnergyCons!E$4:E$10000)} -> 88.213219 | H24: {=SUMPRODUCT(("LFO"=[1]OUT_PrimaryEnergyCons!$C$4:$C$10000)*1,[1]OUT_PrimaryEnergyCons!F$4:F$10000)} -> 87.829416 | I24: {=SUMPRODUCT(("LFO"=[1]OUT_PrimaryEnergyCons!$C$4:$C$10000)*1,[1]OUT_PrimaryEnergyCons!G$4:G$10000)} -> 60.373687 | J24: {=SUMPRODUCT(("LFO"=[2]OUT_PrimaryEnergyCons!$C$4:$C$10000)*1,[2]OUT_PrimaryEnergyCons!H$4:H$10000)} -> 46.954165 | K24: {=SUMPRODUCT(("LFO"=[2]OUT_PrimaryEnergyCons!$C$4:$C$10000)*1,[2]OUT_PrimaryEnergyCons!I$4:I$10000)} -> 35.378108 | L24: {=SUMPRODUCT(("LFO"=[2]OUT_PrimaryEnergyCons!$C$4:$C$10000)*1,[2]OUT_PrimaryEnergyCons!J$4:J$10000)} -> 15.379873
A25: =A24 -> STEM | B25: =B24 -> SPS1 | C25: =C24 -> CH | D25: Imports|Oil|Fossil liquids|Heavy fuel oil | E25: PJ/yr. | F25: {=SUMPRODUCT(("HFO"=[1]OUT_PrimaryEnergyCons!$C$4:$C$10000)*1,[1]OUT_PrimaryEnergyCons!D$4:D$10000)} -> 2.776373 | G25: {=SUMPRODUCT(("HFO"=[1]OUT_PrimaryEnergyCons!$C$4:$C$10000)*1,[1]OUT_PrimaryEnergyCons!E$4:E$10000)} -> 2.7644096 | H25: {=SUMPRODUCT(("HFO"=[1]OUT_PrimaryEnergyCons!$C$4:$C$10000)*1,[1]OUT_PrimaryEnergyCons!F$4:F$10000)} -> 0.0011874232 | I25: {=SUMPRODUCT(("HFO"=[1]OUT_PrimaryEnergyCons!$C$4:$C$10000)*1,[1]OUT_PrimaryEnergyCons!G$4:G$10000)} -> 0.00021723863 | J25: {=SUMPRODUCT(("HFO"=[2]OUT_PrimaryEnergyCons!$C$4:$C$10000)*1,[2]OUT_PrimaryEnergyCons!H$4:H$10000)} -> 0.0010740155 | K25: {=SUMPRODUCT(("HFO"=[2]OUT_PrimaryEnergyCons!$C$4:$C$10000)*1,[2]OUT_PrimaryEnergyCons!I$4:I$10000)} -> 0.00075508082 | L25: {=SUMPRODUCT(("HFO"=[2]OUT_PrimaryEnergyCons!$C$4:$C$10000)*1,[2]OUT_PrimaryEnergyCons!J$4:J$10000)} -> 0
A26: =A25 -> STEM | B26: =B25 -> SPS1 | C26: =C25 -> CH | D26: Imports|Oil|Fossil liquids|Motor Diesel | E26: PJ/yr. | F26: {=SUMPRODUCT(("DSL"=[1]OUT_PrimaryEnergyCons!$C$4:$C$10000)*1,[1]OUT_PrimaryEnergyCons!D$4:D$10000)} -> 117.52489 | G26: {=SUMPRODUCT(("DSL"=[1]OUT_PrimaryEnergyCons!$C$4:$C$10000)*1,[1]OUT_PrimaryEnergyCons!E$4:E$10000)} -> 112.68584 | H26: {=SUMPRODUCT(("DSL"=[1]OUT_PrimaryEnergyCons!$C$4:$C$10000)*1,[1]OUT_PrimaryEnergyCons!F$4:F$10000)} -> 95.748446 | I26: {=SUMPRODUCT(("DSL"=[1]OUT_PrimaryEnergyCons!$C$4:$C$10000)*1,[1]OUT_PrimaryEnergyCons!G$4:G$10000)} -> 69.136065 | J26: {=SUMPRODUCT(("DSL"=[2]OUT_PrimaryEnergyCons!$C$4:$C$10000)*1,[2]OUT_PrimaryEnergyCons!H$4:H$10000)} -> 48.34902 | K26: {=SUMPRODUCT(("DSL"=[2]OUT_PrimaryEnergyCons!$C$4:$C$10000)*1,[2]OUT_PrimaryEnergyCons!I$4:I$10000)} -> 45.676044 | L26: {=SUMPRODUCT(("DSL"=[2]OUT_PrimaryEnergyCons!$C$4:$C$10000)*1,[2]OUT_PrimaryEnergyCons!J$4:J$10000)} -> 43.351587
A27: =A26 -> STEM | B27: =B26 -> SPS1 | C27: =C26 -> CH | D27: Imports|Oil|Fossil liquids|Motor Gasoline | E27: PJ/yr. | F27: {=SUMPRODUCT(("GSL"=[1]OUT_PrimaryEnergyCons!$C$4:$C$10000)*1,[1]OUT_PrimaryEnergyCons!D$4:D$10000)} -> 80.538262 | G27: {=SUMPRODUCT(("GSL"=[1]OUT_PrimaryEnergyCons!$C$4:$C$10000)*1,[1]OUT_PrimaryEnergyCons!E$4:E$10000)} -> 74.701289 | H27: {=SUMPRODUCT(("GSL"=[1]OUT_PrimaryEnergyCons!$C$4:$C$10000)*1,[1]OUT_PrimaryEnergyCons!F$4:F$10000)} -> 71.058842 | I27: {=SUMPRODUCT(("GSL"=[1]OUT_PrimaryEnergyCons!$C$4:$C$10000)*1,[1]OUT_PrimaryEnergyCons!G$4:G$10000)} -> 42.843897 | J27: {=SUMPRODUCT(("GSL"=[2]OUT_PrimaryEnergyCons!$C$4:$C$10000)*1,[2]OUT_PrimaryEnergyCons!H$4:H$10000)} -> 28.271475 | K27: {=SUMPRODUCT(("GSL"=[2]OUT_PrimaryEnergyCons!$C$4:$C$10000)*1,[2]OUT_PrimaryEnergyCons!I$4:I$10000)} -> 28.029742 | L27: {=SUMPRODUCT(("GSL"=[2]OUT_PrimaryEnergyCons!$C$4:$C$10000)*1,[2]OUT_PrimaryEnergyCons!J$4:J$10000)} -> 22.303548
A28: =A27 -> STEM | B28: =B27 -> SPS1 | C28: =C27 -> CH | D28: Imports|Oil|Fossil liquids|Kerosene (excl. international aviation) | E28: PJ/yr. | F28: {=SUMPRODUCT(("KER"=[1]OUT_PrimaryEnergyCons!$C$4:$C$10000)*1,[1]OUT_PrimaryEnergyCons!D$4:D$10000)} -> 1.1089892 | G28: {=SUMPRODUCT(("KER"=[1]OUT_PrimaryEnergyCons!$C$4:$C$10000)*1,[1]OUT_PrimaryEnergyCons!E$4:E$10000)} -> 1.4052036 | H28: {=SUMPRODUCT(("KER"=[1]OUT_PrimaryEnergyCons!$C$4:$C$10000)*1,[1]OUT_PrimaryEnergyCons!F$4:F$10000)} -> 1.8484572 | I28: {=SUMPRODUCT(("KER"=[1]OUT_PrimaryEnergyCons!$C$4:$C$10000)*1,[1]OUT_PrimaryEnergyCons!G$4:G$10000)} -> 2.5718156 | J28: {=SUMPRODUCT(("KER"=[2]OUT_PrimaryEnergyCons!$C$4:$C$10000)*1,[2]OUT_PrimaryEnergyCons!H$4:H$10000)} -> 1.640071 | K28: {=SUMPRODUCT(("KER"=[2]OUT_PrimaryEnergyCons!$C$4:$C$10000)*1,[2]OUT_PrimaryEnergyCons!I$4:I$10000)} -> 1.0810121 | L28: {=SUMPRODUCT(("KER"=[2]OUT_PrimaryEnergyCons!$C$4:$C$10000)*1,[2]OUT_PrimaryEnergyCons!J$4:J$10000)} -> 0.58175787
A29: =A50 -> STEM | B29: =B50 -> SPS1 | C29: =C50 -> CH | D29: Imports|Oil|Synthetic liquids | E29: PJ/yr. | F29: =SUM(F30:F32) -> 6.8051209 | G29: =SUM(G30:G32) -> 6.7039972 | H29: =SUM(H30:H32) -> 7.1808633 | I29: =SUM(I30:I32) -> 11.705047 | J29: =SUM(J30:J32) -> 10.742987 | K29: =SUM(K30:K32) -> 10.72599 | L29: =SUM(L30:L32) -> 10.39404
A30: =A37 -> STEM | B30: =B37 -> SPS1 | C30: =C37 -> CH | D30: Imports|Oil|Synthetic liquids|Total|Motor diesel | E30: PJ/yr. | F30: {=SUMPRODUCT(ISNUMBER(SEARCH("IMPBDS",[1]OUT_SyntheticFuels!$C$4:$C$1000))*1,("Var_Fout"=[1]OUT_SyntheticFuels!$B$4:$B$1000)*1,[1]OUT_SyntheticFuels!E$4:E$1000)-F32} -> 2.3705794 | G30: {=SUMPRODUCT(ISNUMBER(SEARCH("IMPBDS",[1]OUT_SyntheticFuels!$C$4:$C$1000))*1,("Var_Fout"=[1]OUT_SyntheticFuels!$B$4:$B$1000)*1,[1]OUT_SyntheticFuels!F$4:F$1000)-G32} -> 2.3780006 | H30: {=SUMPRODUCT(ISNUMBER(SEARCH("IMPBDS",[1]OUT_SyntheticFuels!$C$4:$C$1000))*1,("Var_Fout"=[1]OUT_SyntheticFuels!$B$4:$B$1000)*1,[1]OUT_SyntheticFuels!G$4:G$1000)-H32} -> 3.2951817 | I30: {=SUMPRODUCT(ISNUMBER(SEARCH("IMPBDS",[1]OUT_SyntheticFuels!$C$4:$C$1000))*1,("Var_Fout"=[1]OUT_SyntheticFuels!$B$4:$B$1000)*1,[1]OUT_SyntheticFuels!H$4:H$1000)-I32} -> 4.1472494 | J30: {=SUMPRODUCT(ISNUMBER(SEARCH("IMPBDS",[2]OUT_SyntheticFuels!$C$4:$C$1000))*1,("Var_Fout"=[2]OUT_SyntheticFuels!$B$4:$B$1000)*1,[2]OUT_SyntheticFuels!I$4:I$1000)-J32} -> 3.1633664 | K30: {=SUMPRODUCT(ISNUMBER(SEARCH("IMPBDS",[2]OUT_SyntheticFuels!$C$4:$C$1000))*1,("Var_Fout"=[2]OUT_SyntheticFuels!$B$4:$B$1000)*1,[2]OUT_SyntheticFuels!J$4:J$1000)-K32} -> 3.041817 | L30: {=SUMPRODUCT(ISNUMBER(SEARCH("IMPBDS",[2]OUT_SyntheticFuels!$C$4:$C$1000))*1,("Var_Fout"=[2]OUT_SyntheticFuels!$B$4:$B$1000)*1,[2]OUT_SyntheticFuels!K$4:K$1000)-L32} -> 2.9794454
A31: =A30 -> STEM | B31: =B30 -> SPS1 | C31: =C30 -> CH | D31: Imports|Oil|Synthetic liquids|Total|Motor Gasoline | E31: PJ/yr. | F31: {=SUMPRODUCT(ISNUMBER(SEARCH("IMPeth",[1]OUT_SyntheticFuels!$C$4:$C$1000))*1,("Var_Fout"=[1]OUT_SyntheticFuels!$B$4:$B$1000)*1,[1]OUT_SyntheticFuels!E$4:E$1000)} -> 4.4341506 | G31: {=SUMPRODUCT(ISNUMBER(SEARCH("IMPeth",[1]OUT_SyntheticFuels!$C$4:$C$1000))*1,("Var_Fout"=[1]OUT_SyntheticFuels!$B$4:$B$1000)*1,[1]OUT_SyntheticFuels!F$4:F$1000)} -> 4.3259844 | H31: {=SUMPRODUCT(ISNUMBER(SEARCH("IMPeth",[1]OUT_SyntheticFuels!$C$4:$C$1000))*1,("Var_Fout"=[1]OUT_SyntheticFuels!$B$4:$B$1000)*1,[1]OUT_SyntheticFuels!G$4:G$1000)} -> 3.8851869 | I31: {=SUMPRODUCT(ISNUMBER(SEARCH("IMPeth",[1]OUT_SyntheticFuels!$C$4:$C$1000))*1,("Var_Fout"=[1]OUT_SyntheticFuels!$B$4:$B$1000)*1,[1]OUT_SyntheticFuels!H$4:H$1000)} -> 2.4820304 | J31: {=SUMPRODUCT(ISNUMBER(SEARCH("IMPeth",[2]OUT_SyntheticFuels!$C$4:$C$1000))*1,("Var_Fout"=[2]OUT_SyntheticFuels!$B$4:$B$1000)*1,[2]OUT_SyntheticFuels!I$4:I$1000)} -> 1.6401242 | K31: {=SUMPRODUCT(ISNUMBER(SEARCH("IMPeth",[2]OUT_SyntheticFuels!$C$4:$C$1000))*1,("Var_Fout"=[2]OUT_SyntheticFuels!$B$4:$B$1000)*1,[2]OUT_SyntheticFuels!J$4:J$1000)} -> 1.6236916 | L31: {=SUMPRODUCT(ISNUMBER(SEARCH("IMPeth",[2]OUT_SyntheticFuels!$C$4:$C$1000))*1,("Var_Fout"=[2]OUT_SyntheticFuels!$B$4:$B$1000)*1,[2]OUT_SyntheticFuels!K$4:K$1000)} -> 1.2920561
B32: =B31 -> SPS1 | C32: =C31 -> CH | D32: Imports|Oil|Synthetic liquids|Total|Kerosene | E32: PJ/yr. | F32: =SUM([1]Transport_Aviation_Intl!B$12,[1]Transport!B$28) -> 0.00039081036 | G32: =SUM([1]Transport_Aviation_Intl!C$12,[1]Transport!C$28) -> 1.2177234e-05 | H32: =SUM([1]Transport_Aviation_Intl!D$12,[1]Transport!D$28) -> 0.00049472061 | I32: =SUM([1]Transport_Aviation_Intl!E$12,[1]Transport!E$28) -> 5.0757674 | J32: =SUM([2]Transport_Aviation_Intl!F$12,[2]Transport!F$28) -> 5.9394964 | K32: =SUM([2]Transport_Aviation_Intl!G$12,[2]Transport!G$28) -> 6.060481 | L32: =SUM([2]Transport_Aviation_Intl!H$12,[2]Transport!H$28) -> 6.1225387
A33: =A29 -> STEM | B33: =B29 -> SPS1 | C33: =C29 -> CH | D33: Imports|Oil|Synthetic liquids|Bioliquids|Total | E33: PJ/yr. | F33: =SUM(F34:F36) -> 6.8051209 | G33: =SUM(G34:G36) -> 6.7039972 | H33: =SUM(H34:H36) -> 7.1808633 | I33: =SUM(I34:I36) -> 11.705047 | J33: =SUM(J34:J36) -> 9.8792581 | K33: =SUM(K34:K36) -> 10.605005 | L33: =SUM(L34:L36) -> 10.331982
A34: =A31 -> STEM | B34: =B31 -> SPS1 | C34: =C31 -> CH | D34: Imports|Oil|Synthetic liquids|Bioliquids|Biodiesel | E34: PJ/yr. | F34: =F30 -> 2.3705794 | G34: =G30 -> 2.3780006 | H34: =H30 -> 3.2951817 | I34: =I30 -> 4.1472494 | J34: =IF(J30-MAX(F30:I30)<0,J30,MAX(F30:I30)) -> 3.1633664 | K34: =IF(K30-MAX(F30:J30)<0,K30,MAX(F30:J30)) -> 3.041817 | L34: =IF(L30-MAX(G30:K30)<0,L30,MAX(G30:K30)) -> 2.9794454
A35: =A34 -> STEM | B35: =B34 -> SPS1 | C35: =C34 -> CH | D35: Imports|Oil|Synthetic liquids|Bioliquids|Ethanol | E35: PJ/yr. | F35: =F31 -> 4.4341506 | G35: =G31 -> 4.3259844 | H35: =H31 -> 3.8851869 | I35: =I31 -> 2.4820304 | J35: =IF(J31-MAX(F31:I31)<0,J31,MAX(F31:I31)) -> 1.6401242 | K35: =IF(K31-MAX(F31:J31)<0,K31,MAX(F31:J31)) -> 1.6236916 | L35: =IF(L31-MAX(G31:K31)<0,L31,MAX(G31:K31)) -> 1.2920561
B36: =B35 -> SPS1 | C36: =C35 -> CH | D36: Imports|Oil|Synthetic liquids|Bioliquids|Biokerosene | E36: PJ/yr. | F36: =SUM([1]Transport!B$28,[1]Transport_Aviation_Intl!B$12) -> 0.00039081036 | G36: =SUM([1]Transport!C$28,[1]Transport_Aviation_Intl!C$12) -> 1.2177234e-05 | H36: =SUM([1]Transport!D$28,[1]Transport_Aviation_Intl!D$12) -> 0.00049472061 | I36: =SUM([1]Transport!E$28,[1]Transport_Aviation_Intl!E$12) -> 5.0757674 | J36: =IF(J32-MAX(F32:I32)<0,J32,MAX(F32:I32)) -> 5.0757674 | K36: =IF(K32-MAX(G32:J32)<0,K32,MAX(G32:J32)) -> 5.9394964 | L36: =IF(L32-MAX(H32:K32)<0,L32,MAX(H32:K32)) -> 6.060481
A37: =A33 -> STEM | B37: =B33 -> SPS1 | C37: =C33 -> CH | D37: Imports|Oil|Synthetic liquids|PtL|Total | E37: PJ/yr. | F37: =SUM(F38:F40) -> 0 | G37: =SUM(G38:G40) -> 0 | H37: =SUM(H38:H40) -> 0 | I37: =SUM(I38:I40) -> 0 | J37: =SUM(J38:J40) -> 0.86372896 | K37: =SUM(K38:K40) -> 0.12098459 | L37: =SUM(L38:L40) -> 0.062057739
A38: =A35 -> STEM | B38: =B35 -> SPS1 | C38: =C35 -> CH | D38: Imports|Oil|Synthetic liquids|PtL|PtL Diesel | E38: PJ/yr. | F38: 0 | G38: 0 | H38: 0 | I38: 0 | J38: =J30-J34 -> 0 | K38: =K30-K34 -> 0 | L38: =L30-L34 -> 0
A39: =A38 -> STEM | B39: =B38 -> SPS1 | C39: =C38 -> CH | D39: Imports|Oil|Synthetic liquids|PtL|PtL Gasoline | E39: PJ/yr. | F39: 0 | G39: 0 | H39: 0 | I39: 0 | J39: =J31-J35 -> 0 | K39: =K31-K35 -> 0 | L39: =L31-L35 -> 0
B40: =B39 -> SPS1 | C40: =C39 -> CH | D40: Imports|Oil|Synthetic liquids|PtL|PtL Kerosene | E40: PJ/yr. | F40: 0 | G40: 0 | H40: 0 | I40: 0 | J40: =J32-J36 -> 0.86372896 | K40: =K32-K36 -> 0.12098459 | L40: =L32-L36 -> 0.062057739
A41: =A28 -> STEM | B41: =B28 -> SPS1 | C41: =C28 -> CH | D41: Imports|Gas | E41: PJ/yr. | F41: =F42+F45 -> 117.0478 | G41: =G42+G45 -> 107.2365 | H41: =H42+H45 -> 107.1974 | I41: =I42+I45 -> 103.74284 | J41: =J42+J45 -> 111.62759 | K41: =K42+K45 -> 113.25254 | L41: =L42+L45 -> 104.77064
A42: =A29 -> STEM | B42: =B29 -> SPS1 | C42: =C29 -> CH | D42: Imports|Gas|Fossil gases|Total | E42: PJ/yr. | F42: =F43+F44 -> 117.0478 | G42: =G43+G44 -> 106.72 | H42: =H43+H44 -> 107.15776 | I42: =I43+I44 -> 101.0327 | J42: =J43+J44 -> 107.9935 | K42: =K43+K44 -> 109.60083 | L42: =L43+L44 -> 100.78668
A43: =A27 -> STEM | B43: =B27 -> SPS1 | C43: =C27 -> CH | D43: Imports|Gas|Fossil gases|Natural gas | E43: PJ/yr. | F43: {=SUMPRODUCT(("NGA"=[1]OUT_PrimaryEnergyCons!$C$4:$C$10000)*1,[1]OUT_PrimaryEnergyCons!D$4:D$10000)} -> 117.0478 | G43: {=SUMPRODUCT(("NGA"=[1]OUT_PrimaryEnergyCons!$C$4:$C$10000)*1,[1]OUT_PrimaryEnergyCons!E$4:E$10000)} -> 106.72 | H43: {=SUMPRODUCT(("NGA"=[1]OUT_PrimaryEnergyCons!$C$4:$C$10000)*1,[1]OUT_PrimaryEnergyCons!F$4:F$10000)} -> 107.15776 | I43: {=SUMPRODUCT(("NGA"=[1]OUT_PrimaryEnergyCons!$C$4:$C$10000)*1,[1]OUT_PrimaryEnergyCons!G$4:G$10000)} -> 101.0324 | J43: {=SUMPRODUCT(("NGA"=[2]OUT_PrimaryEnergyCons!$C$4:$C$10000)*1,[2]OUT_PrimaryEnergyCons!H$4:H$10000)} -> 107.99216 | K43: {=SUMPRODUCT(("NGA"=[2]OUT_PrimaryEnergyCons!$C$4:$C$10000)*1,[2]OUT_PrimaryEnergyCons!I$4:I$10000)} -> 109.6001 | L43: {=SUMPRODUCT(("NGA"=[2]OUT_PrimaryEnergyCons!$C$4:$C$10000)*1,[2]OUT_PrimaryEnergyCons!J$4:J$10000)} -> 100.78625
A44: =A43 -> STEM | B44: =B43 -> SPS1 | C44: =C43 -> CH | D44: Imports|Gas|Fossil gases|Liquified Natural Gas | E44: PJ/yr. | F44: {=SUMPRODUCT(("LNGA"=[1]OUT_PrimaryEnergyCons!$C$4:$C$10000)*1,[1]OUT_PrimaryEnergyCons!D$4:D$10000)} -> 0 | G44: {=SUMPRODUCT(("LNGA"=[1]OUT_PrimaryEnergyCons!$C$4:$C$10000)*1,[1]OUT_PrimaryEnergyCons!E$4:E$10000)} -> 0 | H44: {=SUMPRODUCT(("LNGA"=[1]OUT_PrimaryEnergyCons!$C$4:$C$10000)*1,[1]OUT_PrimaryEnergyCons!F$4:F$10000)} -> 0 | I44: {=SUMPRODUCT(("LNGA"=[1]OUT_PrimaryEnergyCons!$C$4:$C$10000)*1,[1]OUT_PrimaryEnergyCons!G$4:G$10000)} -> 0.00029916001 | J44: {=SUMPRODUCT(("LNGA"=[2]OUT_PrimaryEnergyCons!$C$4:$C$10000)*1,[2]OUT_PrimaryEnergyCons!H$4:H$10000)} -> 0.0013376983 | K44: {=SUMPRODUCT(("LNGA"=[2]OUT_PrimaryEnergyCons!$C$4:$C$10000)*1,[2]OUT_PrimaryEnergyCons!I$4:I$10000)} -> 0.00072429411 | L44: {=SUMPRODUCT(("LNGA"=[2]OUT_PrimaryEnergyCons!$C$4:$C$10000)*1,[2]OUT_PrimaryEnergyCons!J$4:J$10000)} -> 0.00043184261
A45: =A39 -> STEM | B45: =B39 -> SPS1 | C45: =C39 -> CH | D45: Imports|Gas|Synthetic gases | E45: PJ/yr. | F45: {=SUMPRODUCT(("BIO"=[1]OUT_PrimaryEnergyCons!$C$4:$C$10000)*1+("LBIO"=[1]OUT_PrimaryEnergyCons!$C$4:$C$10000)*1,[1]OUT_PrimaryEnergyCons!D$4:D$10000)} -> 0 | G45: {=SUMPRODUCT(("BIO"=[1]OUT_PrimaryEnergyCons!$C$4:$C$10000)*1+("LBIO"=[1]OUT_PrimaryEnergyCons!$C$4:$C$10000)*1,[1]OUT_PrimaryEnergyCons!E$4:E$10000)} -> 0.51650074 | H45: {=SUMPRODUCT(("BIO"=[1]OUT_PrimaryEnergyCons!$C$4:$C$10000)*1+("LBIO"=[1]OUT_PrimaryEnergyCons!$C$4:$C$10000)*1,[1]OUT_PrimaryEnergyCons!F$4:F$10000)} -> 0.039635571 | I45: {=SUMPRODUCT(("BIO"=[1]OUT_PrimaryEnergyCons!$C$4:$C$10000)*1+("LBIO"=[1]OUT_PrimaryEnergyCons!$C$4:$C$10000)*1,[1]OUT_PrimaryEnergyCons!G$4:G$10000)} -> 2.7101353 | J45: {=SUMPRODUCT(("BIO"=[2]OUT_PrimaryEnergyCons!$C$4:$C$10000)*1+("LBIO"=[2]OUT_PrimaryEnergyCons!$C$4:$C$10000)*1,[2]OUT_PrimaryEnergyCons!H$4:H$10000)} -> 3.63409 | K45: {=SUMPRODUCT(("BIO"=[2]OUT_PrimaryEnergyCons!$C$4:$C$10000)*1+("LBIO"=[2]OUT_PrimaryEnergyCons!$C$4:$C$10000)*1,[2]OUT_PrimaryEnergyCons!I$4:I$10000)} -> 3.6517173 | L45: {=SUMPRODUCT(("BIO"=[2]OUT_PrimaryEnergyCons!$C$4:$C$10000)*1+("LBIO"=[2]OUT_PrimaryEnergyCons!$C$4:$C$10000)*1,[2]OUT_PrimaryEnergyCons!J$4:J$10000)} -> 3.9839599
A46: =A45 -> STEM | B46: =B45 -> SPS1 | C46: =C45 -> CH | D46: Imports|Gas|Synthetic gases|Biogases | E46: PJ/yr. | F46: =F47 -> 0 | G46: =G47 -> 0.51650074 | H46: =H47 -> 0.039635571 | I46: =I47 -> 2.7101353 | J46: =J47 -> 2.7101353 | K46: =K47 -> 3.63409 | L46: =L47 -> 3.6517173
A47: =A46 -> STEM | B47: =B46 -> SPS1 | C47: =C46 -> CH | D47: Imports|Gas|Synthetic gases|Biogases|Biogas | E47: PJ/yr. | F47: =F45 -> 0 | G47: =G45 -> 0.51650074 | H47: =H45 -> 0.039635571 | I47: =I45 -> 2.7101353 | J47: =IF(J45-MAX(F45:I45)<0,J45,MAX(F45:I45)) -> 2.7101353 | K47: =IF(K45-MAX(G45:J45)<0,K45,MAX(G45:J45)) -> 3.63409 | L47: =IF(L45-MAX(H45:K45)<0,L45,MAX(H45:K45)) -> 3.6517173
A48: =A46 -> STEM | B48: =B46 -> SPS1 | C48: =C46 -> CH | D48: Imports|Gas|Synthetic gases|PtG | E48: PJ/yr. | F48: =F49 -> 0 | G48: =G49 -> 0 | H48: =H49 -> 0 | I48: =I49 -> 0 | J48: =J49 -> 0.92395477 | K48: =K49 -> 0.017627214 | L48: =L49 -> 0.33224267
A49: =A47 -> STEM | B49: =B47 -> SPS1 | C49: =C47 -> CH | D49: Imports|Gas|Synthetic gases|PtG|PtG gas | E49: PJ/yr. | F49: 0 | G49: 0 | H49: 0 | I49: 0 | J49: =J45-J47 -> 0.92395477 | K49: =K45-K47 -> 0.017627214 | L49: =L45-L47 -> 0.33224267
A50: =A44 -> STEM | B50: =B44 -> SPS1 | C50: =C44 -> CH | D50: Imports|Nuclear fuel | E50: PJ/yr. | F50: {=SUMPRODUCT(("urn"=[1]OUT_PrimaryEnergyCons!$C$4:$C$10000)*1,[1]OUT_PrimaryEnergyCons!D$4:D$10000)} -> 250.94818 | G50: {=SUMPRODUCT(("urn"=[1]OUT_PrimaryEnergyCons!$C$4:$C$10000)*1,[1]OUT_PrimaryEnergyCons!E$4:E$10000)} -> 253.30007 | H50: {=SUMPRODUCT(("urn"=[1]OUT_PrimaryEnergyCons!$C$4:$C$10000)*1,[1]OUT_PrimaryEnergyCons!F$4:F$10000)} -> 233.22743 | I50: {=SUMPRODUCT(("urn"=[1]OUT_PrimaryEnergyCons!$C$4:$C$10000)*1,[1]OUT_PrimaryEnergyCons!G$4:G$10000)} -> 211.90228 | J50: {=SUMPRODUCT(("urn"=[2]OUT_PrimaryEnergyCons!$C$4:$C$10000)*1,[2]OUT_PrimaryEnergyCons!H$4:H$10000)} -> 167.60346 | K50: {=SUMPRODUCT(("urn"=[2]OUT_PrimaryEnergyCons!$C$4:$C$10000)*1,[2]OUT_PrimaryEnergyCons!I$4:I$10000)} -> 98.945505 | L50: {=SUMPRODUCT(("urn"=[2]OUT_PrimaryEnergyCons!$C$4:$C$10000)*1,[2]OUT_PrimaryEnergyCons!J$4:J$10000)} -> 0
A51: =A39 -> STEM | B51: =B39 -> SPS1 | C51: =C39 -> CH | D51: Imports|Electricity | E51: PJ/yr. | F51: =SUM(F52:F55) -> 97.160004 | G51: =SUM(G52:G55) -> 50.274191 | H51: =SUM(H52:H55) -> 50.452199 | I51: =SUM(I52:I55) -> 50.749086 | J51: =SUM(J52:J55) -> 56.304612 | K51: =SUM(K52:K55) -> 42.629016 | L51: =SUM(L52:L55) -> 36.809163
A52: =A51 -> STEM | B52: =B51 -> SPS1 | C52: =C51 -> CH | D52: Imports|Electricity|Austria | E52: PJ/yr. | F52: {=SUMPRODUCT(([1]OUT_Electricity_CHP!$B$1:$B$10000="G-INTC-IMP00-AT")*1,([1]OUT_Electricity_CHP!$C$1:$C$10000="Var_Fout")*1,ISNUMBER(SEARCH("ELC",[1]OUT_Electricity_CHP!$D$1:$D$10000))*1,[1]OUT_Electricity_CHP!E$1:E$10000)} -> 15.013807 | G52: {=SUMPRODUCT(([1]OUT_Electricity_CHP!$B$1:$B$10000="G-INTC-IMP00-AT")*1,([1]OUT_Electricity_CHP!$C$1:$C$10000="Var_Fout")*1,ISNUMBER(SEARCH("ELC",[1]OUT_Electricity_CHP!$D$1:$D$10000))*1,[1]OUT_Electricity_CHP!F$1:F$10000)} -> 0.017706777 | H52: {=SUMPRODUCT(([1]OUT_Electricity_CHP!$B$1:$B$10000="G-INTC-IMP00-AT")*1,([1]OUT_Electricity_CHP!$C$1:$C$10000="Var_Fout")*1,ISNUMBER(SEARCH("ELC",[1]OUT_Electricity_CHP!$D$1:$D$10000))*1,[1]OUT_Electricity_CHP!G$1:G$10000)} -> 0.013269254 | I52: {=SUMPRODUCT(([1]OUT_Electricity_CHP!$B$1:$B$10000="G-INTC-IMP00-AT")*1,([1]OUT_Electricity_CHP!$C$1:$C$10000="Var_Fout")*1,ISNUMBER(SEARCH("ELC",[1]OUT_Electricity_CHP!$D$1:$D$10000))*1,[1]OUT_Electricity_CHP!H$1:H$10000)} -> 0.013016245 | J52: {=SUMPRODUCT(([2]OUT_Electricity_CHP!$B$1:$B$10000="G-INTC-IMP00-AT")*1,([2]OUT_Electricity_CHP!$C$1:$C$10000="Var_Fout")*1,ISNUMBER(SEARCH("ELC",[2]OUT_Electricity_CHP!$D$1:$D$10000))*1,[2]OUT_Electricity_CHP!I$1:I$10000)} -> 0.0084471893 | K52: {=SUMPRODUCT(([2]OUT_Electricity_CHP!$B$1:$B$10000="G-INTC-IMP00-AT")*1,([2]OUT_Electricity_CHP!$C$1:$C$10000="Var_Fout")*1,ISNUMBER(SEARCH("ELC",[2]OUT_Electricity_CHP!$D$1:$D$10000))*1,[2]OUT_Electricity_CHP!J$1:J$10000)} -> 0.0056398529 | L52: {=SUMPRODUCT(([2]OUT_Electricity_CHP!$B$1:$B$10000="G-INTC-IMP00-AT")*1,([2]OUT_Electricity_CHP!$C$1:$C$10000="Var_Fout")*1,ISNUMBER(SEARCH("ELC",[2]OUT_Electricity_CHP!$D$1:$D$10000))*1,[2]OUT_Electricity_CHP!K$1:K$10000)} -> 0.0032932287
A53: =A52 -> STEM | B53: =B52 -> SPS1 | C53: =C52 -> CH | D53: Imports|Electricity|France | E53: PJ/yr. | F53: {=SUMPRODUCT(([1]OUT_Electricity_CHP!$B$1:$B$10000="G-INTC-IMP00-fr")*1,([1]OUT_Electricity_CHP!$C$1:$C$10000="Var_Fout")*1,ISNUMBER(SEARCH("ELC",[1]OUT_Electricity_CHP!$D$1:$D$10000))*1,[1]OUT_Electricity_CHP!E$1:E$10000)} -> 28.948622 | G53: {=SUMPRODUCT(([1]OUT_Electricity_CHP!$B$1:$B$10000="G-INTC-IMP00-fr")*1,([1]OUT_Electricity_CHP!$C$1:$C$10000="Var_Fout")*1,ISNUMBER(SEARCH("ELC",[1]OUT_Electricity_CHP!$D$1:$D$10000))*1,[1]OUT_Electricity_CHP!F$1:F$10000)} -> 17.237286 | H53: {=SUMPRODUCT(([1]OUT_Electricity_CHP!$B$1:$B$10000="G-INTC-IMP00-fr")*1,([1]OUT_Electricity_CHP!$C$1:$C$10000="Var_Fout")*1,ISNUMBER(SEARCH("ELC",[1]OUT_Electricity_CHP!$D$1:$D$10000))*1,[1]OUT_Electricity_CHP!G$1:G$10000)} -> 21.27336 | I53: {=SUMPRODUCT(([1]OUT_Electricity_CHP!$B$1:$B$10000="G-INTC-IMP00-fr")*1,([1]OUT_Electricity_CHP!$C$1:$C$10000="Var_Fout")*1,ISNUMBER(SEARCH("ELC",[1]OUT_Electricity_CHP!$D$1:$D$10000))*1,[1]OUT_Electricity_CHP!H$1:H$10000)} -> 14.833813 | J53: {=SUMPRODUCT(([2]OUT_Electricity_CHP!$B$1:$B$10000="G-INTC-IMP00-fr")*1,([2]OUT_Electricity_CHP!$C$1:$C$10000="Var_Fout")*1,ISNUMBER(SEARCH("ELC",[2]OUT_Electricity_CHP!$D$1:$D$10000))*1,[2]OUT_Electricity_CHP!I$1:I$10000)} -> 16.658476 | K53: {=SUMPRODUCT(([2]OUT_Electricity_CHP!$B$1:$B$10000="G-INTC-IMP00-fr")*1,([2]OUT_Electricity_CHP!$C$1:$C$10000="Var_Fout")*1,ISNUMBER(SEARCH("ELC",[2]OUT_Electricity_CHP!$D$1:$D$10000))*1,[2]OUT_Electricity_CHP!J$1:J$10000)} -> 10.090026 | L53: {=SUMPRODUCT(([2]OUT_Electricity_CHP!$B$1:$B$10000="G-INTC-IMP00-fr")*1,([2]OUT_Electricity_CHP!$C$1:$C$10000="Var_Fout")*1,ISNUMBER(SEARCH("ELC",[2]OUT_Electricity_CHP!$D$1:$D$10000))*1,[2]OUT_Electricity_CHP!K$1:K$10000)} -> 10.176243
A54: =A53 -> STEM | B54: =B53 -> SPS1 | C54: =C53 -> CH | D54: Imports|Electricity|Germany | E54: PJ/yr. | F54: {=SUMPRODUCT(([1]OUT_Electricity_CHP!$B$1:$B$10000="G-INTC-IMP00-de")*1,([1]OUT_Electricity_CHP!$C$1:$C$10000="Var_Fout")*1,ISNUMBER(SEARCH("ELC",[1]OUT_Electricity_CHP!$D$1:$D$10000))*1,[1]OUT_Electricity_CHP!E$1:E$10000)} -> 46.398476 | G54: {=SUMPRODUCT(([1]OUT_Electricity_CHP!$B$1:$B$10000="G-INTC-IMP00-de")*1,([1]OUT_Electricity_CHP!$C$1:$C$10000="Var_Fout")*1,ISNUMBER(SEARCH("ELC",[1]OUT_Electricity_CHP!$D$1:$D$10000))*1,[1]OUT_Electricity_CHP!F$1:F$10000)} -> 33.019062 | H54: {=SUMPRODUCT(([1]OUT_Electricity_CHP!$B$1:$B$10000="G-INTC-IMP00-de")*1,([1]OUT_Electricity_CHP!$C$1:$C$10000="Var_Fout")*1,ISNUMBER(SEARCH("ELC",[1]OUT_Electricity_CHP!$D$1:$D$10000))*1,[1]OUT_Electricity_CHP!G$1:G$10000)} -> 29.165458 | I54: {=SUMPRODUCT(([1]OUT_Electricity_CHP!$B$1:$B$10000="G-INTC-IMP00-de")*1,([1]OUT_Electricity_CHP!$C$1:$C$10000="Var_Fout")*1,ISNUMBER(SEARCH("ELC",[1]OUT_Electricity_CHP!$D$1:$D$10000))*1,[1]OUT_Electricity_CHP!H$1:H$10000)} -> 35.902209 | J54: {=SUMPRODUCT(([2]OUT_Electricity_CHP!$B$1:$B$10000="G-INTC-IMP00-de")*1,([2]OUT_Electricity_CHP!$C$1:$C$10000="Var_Fout")*1,ISNUMBER(SEARCH("ELC",[2]OUT_Electricity_CHP!$D$1:$D$10000))*1,[2]OUT_Electricity_CHP!I$1:I$10000)} -> 39.637502 | K54: {=SUMPRODUCT(([2]OUT_Electricity_CHP!$B$1:$B$10000="G-INTC-IMP00-de")*1,([2]OUT_Electricity_CHP!$C$1:$C$10000="Var_Fout")*1,ISNUMBER(SEARCH("ELC",[2]OUT_Electricity_CHP!$D$1:$D$10000))*1,[2]OUT_Electricity_CHP!J$1:J$10000)} -> 32.53318 | L54: {=SUMPRODUCT(([2]OUT_Electricity_CHP!$B$1:$B$10000="G-INTC-IMP00-de")*1,([2]OUT_Electricity_CHP!$C$1:$C$10000="Var_Fout")*1,ISNUMBER(SEARCH("ELC",[2]OUT_Electricity_CHP!$D$1:$D$10000))*1,[2]OUT_Electricity_CHP!K$1:K$10000)} -> 26.629477
A55: =A54 -> STEM | B55: =B54 -> SPS1 | C55: =C54 -> CH | D55: Imports|Electricity|Italy | E55: PJ/yr. | F55: {=SUMPRODUCT(([1]OUT_Electricity_CHP!$B$1:$B$10000="G-INTC-IMP00-it")*1,([1]OUT_Electricity_CHP!$C$1:$C$10000="Var_Fout")*1,ISNUMBER(SEARCH("ELC",[1]OUT_Electricity_CHP!$D$1:$D$10000))*1,[1]OUT_Electricity_CHP!E$1:E$10000)} -> 6.7990987 | G55: {=SUMPRODUCT(([1]OUT_Electricity_CHP!$B$1:$B$10000="G-INTC-IMP00-it")*1,([1]OUT_Electricity_CHP!$C$1:$C$10000="Var_Fout")*1,ISNUMBER(SEARCH("ELC",[1]OUT_Electricity_CHP!$D$1:$D$10000))*1,[1]OUT_Electricity_CHP!F$1:F$10000)} -> 0.00013674048 | H55: {=SUMPRODUCT(([1]OUT_Electricity_CHP!$B$1:$B$10000="G-INTC-IMP00-it")*1,([1]OUT_Electricity_CHP!$C$1:$C$10000="Var_Fout")*1,ISNUMBER(SEARCH("ELC",[1]OUT_Electricity_CHP!$D$1:$D$10000))*1,[1]OUT_Electricity_CHP!G$1:G$10000)} -> 0.00011145174 | I55: {=SUMPRODUCT(([1]OUT_Electricity_CHP!$B$1:$B$10000="G-INTC-IMP00-it")*1,([1]OUT_Electricity_CHP!$C$1:$C$10000="Var_Fout")*1,ISNUMBER(SEARCH("ELC",[1]OUT_Electricity_CHP!$D$1:$D$10000))*1,[1]OUT_Electricity_CHP!H$1:H$10000)} -> 4.8196316e-05 | J55: {=SUMPRODUCT(([2]OUT_Electricity_CHP!$B$1:$B$10000="G-INTC-IMP00-it")*1,([2]OUT_Electricity_CHP!$C$1:$C$10000="Var_Fout")*1,ISNUMBER(SEARCH("ELC",[2]OUT_Electricity_CHP!$D$1:$D$10000))*1,[2]OUT_Electricity_CHP!I$1:I$10000)} -> 0.00018748796 | K55: {=SUMPRODUCT(([2]OUT_Electricity_CHP!$B$1:$B$10000="G-INTC-IMP00-it")*1,([2]OUT_Electricity_CHP!$C$1:$C$10000="Var_Fout")*1,ISNUMBER(SEARCH("ELC",[2]OUT_Electricity_CHP!$D$1:$D$10000))*1,[2]OUT_Electricity_CHP!J$1:J$10000)} -> 0.00017080966 | L55: {=SUMPRODUCT(([2]OUT_Electricity_CHP!$B$1:$B$10000="G-INTC-IMP00-it")*1,([2]OUT_Electricity_CHP!$C$1:$C$10000="Var_Fout")*1,ISNUMBER(SEARCH("ELC",[2]OUT_Electricity_CHP!$D$1:$D$10000))*1,[2]OUT_Electricity_CHP!K$1:K$10000)} -> 0.00015020063
A56: =A55 -> STEM | B56: =B55 -> SPS1 | C56: =C55 -> CH | D56: Imports|Hydrogen | E56: PJ/yr. | F56: {=SUMPRODUCT(("h2"=[1]OUT_PrimaryEnergyCons!$C$4:$C$10000)*1,[1]OUT_PrimaryEnergyCons!D$4:D$10000)} -> 0 | G56: {=SUMPRODUCT(("h2"=[1]OUT_PrimaryEnergyCons!$C$4:$C$10000)*1,[1]OUT_PrimaryEnergyCons!E$4:E$10000)} -> 0 | H56: {=SUMPRODUCT(("h2"=[1]OUT_PrimaryEnergyCons!$C$4:$C$10000)*1,[1]OUT_PrimaryEnergyCons!F$4:F$10000)} -> 0 | I56: {=SUMPRODUCT(("h2"=[1]OUT_PrimaryEnergyCons!$C$4:$C$10000)*1,[1]OUT_PrimaryEnergyCons!G$4:G$10000)} -> 0 | J56: {=SUMPRODUCT(("h2"=[2]OUT_PrimaryEnergyCons!$C$4:$C$10000)*1,[2]OUT_PrimaryEnergyCons!H$4:H$10000)} -> 0 | K56: {=SUMPRODUCT(("h2"=[2]OUT_PrimaryEnergyCons!$C$4:$C$10000)*1,[2]OUT_PrimaryEnergyCons!I$4:I$10000)} -> 0.00039623936 | L56: {=SUMPRODUCT(("h2"=[2]OUT_PrimaryEnergyCons!$C$4:$C$10000)*1,[2]OUT_PrimaryEnergyCons!J$4:J$10000)} -> 0.00039865057
A57: =A55 -> STEM | B57: =B55 -> SPS1 | C57: =C55 -> CH | D57: Exports | E57: PJ/yr. | F57: =F58 -> 117.17001 | G57: =G58 -> 35.622834 | H57: =H58 -> 74.625428 | I57: =I58 -> 58.784829 | J57: =J58 -> 44.017319 | K57: =K58 -> 19.698265 | L57: =L58 -> 14.125035
A58: =A57 -> STEM | B58: =B57 -> SPS1 | C58: =C57 -> CH | D58: Exports|Electricity | E58: =E57 -> PJ/yr. | F58: =SUM(F59:F62) -> 117.17001 | G58: =SUM(G59:G62) -> 35.622834 | H58: =SUM(H59:H62) -> 74.625428 | I58: =SUM(I59:I62) -> 58.784829 | J58: =SUM(J59:J62) -> 44.017319 | K58: =SUM(K59:K62) -> 19.698265 | L58: =SUM(L59:L62) -> 14.125035
A59: =A58 -> STEM | B59: =B58 -> SPS1 | C59: =C58 -> CH | D59: Exports|Electricity|Austria | E59: =E58 -> PJ/yr. | F59: {=SUMPRODUCT(([1]OUT_Electricity_CHP!$B$1:$B$10000="G-INTC-exp00-AT")*1,([1]OUT_Electricity_CHP!$C$1:$C$10000="Var_Fout")*1,ISNUMBER(SEARCH("ELC",[1]OUT_Electricity_CHP!$D$1:$D$10000))*1,[1]OUT_Electricity_CHP!E$1:E$10000)} -> 6.2295572 | G59: {=SUMPRODUCT(([1]OUT_Electricity_CHP!$B$1:$B$10000="G-INTC-exp00-AT")*1,([1]OUT_Electricity_CHP!$C$1:$C$10000="Var_Fout")*1,ISNUMBER(SEARCH("ELC",[1]OUT_Electricity_CHP!$D$1:$D$10000))*1,[1]OUT_Electricity_CHP!F$1:F$10000)} -> 0.00021183213 | H59: {=SUMPRODUCT(([1]OUT_Electricity_CHP!$B$1:$B$10000="G-INTC-exp00-AT")*1,([1]OUT_Electricity_CHP!$C$1:$C$10000="Var_Fout")*1,ISNUMBER(SEARCH("ELC",[1]OUT_Electricity_CHP!$D$1:$D$10000))*1,[1]OUT_Electricity_CHP!G$1:G$10000)} -> 0.00028078315 | I59: {=SUMPRODUCT(([1]OUT_Electricity_CHP!$B$1:$B$10000="G-INTC-exp00-AT")*1,([1]OUT_Electricity_CHP!$C$1:$C$10000="Var_Fout")*1,ISNUMBER(SEARCH("ELC",[1]OUT_Electricity_CHP!$D$1:$D$10000))*1,[1]OUT_Electricity_CHP!H$1:H$10000)} -> 4.9032527e-05 | J59: {=SUMPRODUCT(([2]OUT_Electricity_CHP!$B$1:$B$10000="G-INTC-exp00-AT")*1,([2]OUT_Electricity_CHP!$C$1:$C$10000="Var_Fout")*1,ISNUMBER(SEARCH("ELC",[2]OUT_Electricity_CHP!$D$1:$D$10000))*1,[2]OUT_Electricity_CHP!I$1:I$10000)} -> 0.00015978733 | K59: {=SUMPRODUCT(([2]OUT_Electricity_CHP!$B$1:$B$10000="G-INTC-exp00-AT")*1,([2]OUT_Electricity_CHP!$C$1:$C$10000="Var_Fout")*1,ISNUMBER(SEARCH("ELC",[2]OUT_Electricity_CHP!$D$1:$D$10000))*1,[2]OUT_Electricity_CHP!J$1:J$10000)} -> 0.00015336569 | L59: {=SUMPRODUCT(([2]OUT_Electricity_CHP!$B$1:$B$10000="G-INTC-exp00-AT")*1,([2]OUT_Electricity_CHP!$C$1:$C$10000="Var_Fout")*1,ISNUMBER(SEARCH("ELC",[2]OUT_Electricity_CHP!$D$1:$D$10000))*1,[2]OUT_Electricity_CHP!K$1:K$10000)} -> 0.0001170569
A60: =A59 -> STEM | B60: =B59 -> SPS1 | C60: =C59 -> CH | D60: Exports|Electricity|France | E60: =E59 -> PJ/yr. | F60: {=SUMPRODUCT(([1]OUT_Electricity_CHP!$B$1:$B$10000="G-INTC-exp00-fr")*1,([1]OUT_Electricity_CHP!$C$1:$C$10000="Var_Fout")*1,ISNUMBER(SEARCH("ELC",[1]OUT_Electricity_CHP!$D$1:$D$10000))*1,[1]OUT_Electricity_CHP!E$1:E$10000)} -> 12.753361 | G60: {=SUMPRODUCT(([1]OUT_Electricity_CHP!$B$1:$B$10000="G-INTC-exp00-fr")*1,([1]OUT_Electricity_CHP!$C$1:$C$10000="Var_Fout")*1,ISNUMBER(SEARCH("ELC",[1]OUT_Electricity_CHP!$D$1:$D$10000))*1,[1]OUT_Electricity_CHP!F$1:F$10000)} -> 0.00021015038 | H60: {=SUMPRODUCT(([1]OUT_Electricity_CHP!$B$1:$B$10000="G-INTC-exp00-fr")*1,([1]OUT_Electricity_CHP!$C$1:$C$10000="Var_Fout")*1,ISNUMBER(SEARCH("ELC",[1]OUT_Electricity_CHP!$D$1:$D$10000))*1,[1]OUT_Electricity_CHP!G$1:G$10000)} -> 0.00022830027 | I60: {=SUMPRODUCT(([1]OUT_Electricity_CHP!$B$1:$B$10000="G-INTC-exp00-fr")*1,([1]OUT_Electricity_CHP!$C$1:$C$10000="Var_Fout")*1,ISNUMBER(SEARCH("ELC",[1]OUT_Electricity_CHP!$D$1:$D$10000))*1,[1]OUT_Electricity_CHP!H$1:H$10000)} -> 0.0001070566 | J60: {=SUMPRODUCT(([2]OUT_Electricity_CHP!$B$1:$B$10000="G-INTC-exp00-fr")*1,([2]OUT_Electricity_CHP!$C$1:$C$10000="Var_Fout")*1,ISNUMBER(SEARCH("ELC",[2]OUT_Electricity_CHP!$D$1:$D$10000))*1,[2]OUT_Electricity_CHP!I$1:I$10000)} -> 0.00055227693 | K60: {=SUMPRODUCT(([2]OUT_Electricity_CHP!$B$1:$B$10000="G-INTC-exp00-fr")*1,([2]OUT_Electricity_CHP!$C$1:$C$10000="Var_Fout")*1,ISNUMBER(SEARCH("ELC",[2]OUT_Electricity_CHP!$D$1:$D$10000))*1,[2]OUT_Electricity_CHP!J$1:J$10000)} -> 0.00097764993 | L60: {=SUMPRODUCT(([2]OUT_Electricity_CHP!$B$1:$B$10000="G-INTC-exp00-fr")*1,([2]OUT_Electricity_CHP!$C$1:$C$10000="Var_Fout")*1,ISNUMBER(SEARCH("ELC",[2]OUT_Electricity_CHP!$D$1:$D$10000))*1,[2]OUT_Electricity_CHP!K$1:K$10000)} -> 0.00056681406
A61: =A60 -> STEM | B61: =B60 -> SPS1 | C61: =C60 -> CH | D61: Exports|Electricity|Germany | E61: =E60 -> PJ/yr. | F61: {=SUMPRODUCT(([1]OUT_Electricity_CHP!$B$1:$B$10000="G-INTC-exp00-de")*1,([1]OUT_Electricity_CHP!$C$1:$C$10000="Var_Fout")*1,ISNUMBER(SEARCH("ELC",[1]OUT_Electricity_CHP!$D$1:$D$10000))*1,[1]OUT_Electricity_CHP!E$1:E$10000)} -> 26.49298 | G61: {=SUMPRODUCT(([1]OUT_Electricity_CHP!$B$1:$B$10000="G-INTC-exp00-de")*1,([1]OUT_Electricity_CHP!$C$1:$C$10000="Var_Fout")*1,ISNUMBER(SEARCH("ELC",[1]OUT_Electricity_CHP!$D$1:$D$10000))*1,[1]OUT_Electricity_CHP!F$1:F$10000)} -> 0.00014857839 | H61: {=SUMPRODUCT(([1]OUT_Electricity_CHP!$B$1:$B$10000="G-INTC-exp00-de")*1,([1]OUT_Electricity_CHP!$C$1:$C$10000="Var_Fout")*1,ISNUMBER(SEARCH("ELC",[1]OUT_Electricity_CHP!$D$1:$D$10000))*1,[1]OUT_Electricity_CHP!G$1:G$10000)} -> 0.00017564354 | I61: {=SUMPRODUCT(([1]OUT_Electricity_CHP!$B$1:$B$10000="G-INTC-exp00-de")*1,([1]OUT_Electricity_CHP!$C$1:$C$10000="Var_Fout")*1,ISNUMBER(SEARCH("ELC",[1]OUT_Electricity_CHP!$D$1:$D$10000))*1,[1]OUT_Electricity_CHP!H$1:H$10000)} -> 0.00011159474 | J61: {=SUMPRODUCT(([2]OUT_Electricity_CHP!$B$1:$B$10000="G-INTC-exp00-de")*1,([2]OUT_Electricity_CHP!$C$1:$C$10000="Var_Fout")*1,ISNUMBER(SEARCH("ELC",[2]OUT_Electricity_CHP!$D$1:$D$10000))*1,[2]OUT_Electricity_CHP!I$1:I$10000)} -> 0.00055037623 | K61: {=SUMPRODUCT(([2]OUT_Electricity_CHP!$B$1:$B$10000="G-INTC-exp00-de")*1,([2]OUT_Electricity_CHP!$C$1:$C$10000="Var_Fout")*1,ISNUMBER(SEARCH("ELC",[2]OUT_Electricity_CHP!$D$1:$D$10000))*1,[2]OUT_Electricity_CHP!J$1:J$10000)} -> 0.00083625871 | L61: {=SUMPRODUCT(([2]OUT_Electricity_CHP!$B$1:$B$10000="G-INTC-exp00-de")*1,([2]OUT_Electricity_CHP!$C$1:$C$10000="Var_Fout")*1,ISNUMBER(SEARCH("ELC",[2]OUT_Electricity_CHP!$D$1:$D$10000))*1,[2]OUT_Electricity_CHP!K$1:K$10000)} -> 0.00024447597
A62: =A61 -> STEM | B62: =B61 -> SPS1 | C62: =C61 -> CH | D62: Exports|Electricity|Italy | E62: =E61 -> PJ/yr. | F62: {=SUMPRODUCT(([1]OUT_Electricity_CHP!$B$1:$B$10000="G-INTC-exp00-it")*1,([1]OUT_Electricity_CHP!$C$1:$C$10000="Var_Fout")*1,ISNUMBER(SEARCH("ELC",[1]OUT_Electricity_CHP!$D$1:$D$10000))*1,[1]OUT_Electricity_CHP!E$1:E$10000)} -> 71.694108 | G62: {=SUMPRODUCT(([1]OUT_Electricity_CHP!$B$1:$B$10000="G-INTC-exp00-it")*1,([1]OUT_Electricity_CHP!$C$1:$C$10000="Var_Fout")*1,ISNUMBER(SEARCH("ELC",[1]OUT_Electricity_CHP!$D$1:$D$10000))*1,[1]OUT_Electricity_CHP!F$1:F$10000)} -> 35.622263 | H62: {=SUMPRODUCT(([1]OUT_Electricity_CHP!$B$1:$B$10000="G-INTC-exp00-it")*1,([1]OUT_Electricity_CHP!$C$1:$C$10000="Var_Fout")*1,ISNUMBER(SEARCH("ELC",[1]OUT_Electricity_CHP!$D$1:$D$10000))*1,[1]OUT_Electricity_CHP!G$1:G$10000)} -> 74.624743 | I62: {=SUMPRODUCT(([1]OUT_Electricity_CHP!$B$1:$B$10000="G-INTC-exp00-it")*1,([1]OUT_Electricity_CHP!$C$1:$C$10000="Var_Fout")*1,ISNUMBER(SEARCH("ELC",[1]OUT_Electricity_CHP!$D$1:$D$10000))*1,[1]OUT_Electricity_CHP!H$1:H$10000)} -> 58.784561 | J62: {=SUMPRODUCT(([2]OUT_Electricity_CHP!$B$1:$B$10000="G-INTC-exp00-it")*1,([2]OUT_Electricity_CHP!$C$1:$C$10000="Var_Fout")*1,ISNUMBER(SEARCH("ELC",[2]OUT_Electricity_CHP!$D$1:$D$10000))*1,[2]OUT_Electricity_CHP!I$1:I$10000)} -> 44.016056 | K62: {=SUMPRODUCT(([2]OUT_Electricity_CHP!$B$1:$B$10000="G-INTC-exp00-it")*1,([2]OUT_Electricity_CHP!$C$1:$C$10000="Var_Fout")*1,ISNUMBER(SEARCH("ELC",[2]OUT_Electricity_CHP!$D$1:$D$10000))*1,[2]OUT_Electricity_CHP!J$1:J$10000)} -> 19.696298 | L62: {=SUMPRODUCT(([2]OUT_Electricity_CHP!$B$1:$B$10000="G-INTC-exp00-it")*1,([2]OUT_Electricity_CHP!$C$1:$C$10000="Var_Fout")*1,ISNUMBER(SEARCH("ELC",[2]OUT_Electricity_CHP!$D$1:$D$10000))*1,[2]OUT_Electricity_CHP!K$1:K$10000)} -> 14.124107
A63: =A62 -> STEM | B63: =B62 -> SPS1 | C63: =C62 -> CH | D63: Electricity generation | E63: PJ/yr. | F63: =SUM(F64,F66,F70,F82,F130,F151,F159,F161,F169,F173,F167) -> 251.11459 | G63: =SUM(G64,G66,G74,G82,G130,G151,G159,G161,G169,G173,G167) -> 229.28936 | H63: =SUM(H64,H66,H74,H82,H130,H151,H159,H161,H169,H173,H167) -> 256.02747 | I63: =SUM(I64,I66,I74,I82,I130,I151,I159,I161,I169,I173,I167) -> 273.11411 | J63: =SUM(J64,J66,J74,J82,J130,J151,J159,J161,J169,J173,J167) -> 265.06327 | K63: =SUM(K64,K66,K74,K82,K130,K151,K159,K161,K169,K173,K167) -> 256.6766 | L63: =SUM(L64,L66,L74,L82,L130,L151,L159,L161,L169,L173,L167) -> 260.12614
A64: =A63 -> STEM | B64: =B63 -> SPS1 | C64: =C63 -> CH | D64: Electricity generation|Nuclear Fuel | E64: =E62 -> PJ/yr. | F64: =+F65 -> 82.76 | G64: =+G65 -> 82.759995 | H64: =+H65 -> 76.101925 | I64: =+I65 -> 69.934413 | J64: =+J65 -> 55.379441 | K64: =+K65 -> 32.820802 | L64: =+L65 -> 0
A65: =A64 -> STEM | B65: =B64 -> SPS1 | C65: =C64 -> CH | D65: Electricity generation|Nuclear Fuel|Nuclear power plants | E65: =E63 -> PJ/yr. | F65: ='[1]Electricity and CHPs'!B14 -> 82.76 | G65: ='[1]Electricity and CHPs'!C14 -> 82.759995 | H65: ='[1]Electricity and CHPs'!D14 -> 76.101925 | I65: ='[1]Electricity and CHPs'!E14 -> 69.934413 | J65: ='[2]Electricity and CHPs'!F14 -> 55.379441 | K65: ='[2]Electricity and CHPs'!G14 -> 32.820802 | L65: ='[2]Electricity and CHPs'!H14 -> 0
A66: =A65 -> STEM | B66: =B65 -> SPS1 | C66: =C65 -> CH | D66: Electricity generation|Hydro | E66: =E65 -> PJ/yr. | F66: =SUM(F67:F69) -> 146.22 | G66: =SUM(G67:G69) -> 121.59632 | H66: =SUM(H67:H69) -> 137.02849 | I66: =SUM(I67:I69) -> 147.46972 | J66: =SUM(J67:J69) -> 147.52261 | K66: =SUM(K67:K69) -> 147.62706 | L66: =SUM(L67:L69) -> 147.81996
A67: =A66 -> STEM | B67: =B66 -> SPS1 | C67: =C66 -> CH | D67: Electricity generation|Hydro|Hydro Large | E67: =E65 -> PJ/yr. | F67: ='[1]Electricity and CHPs'!B15 -> 66.74568 | G67: ='[1]Electricity and CHPs'!C15 -> 49.7988 | H67: ='[1]Electricity and CHPs'!D15 -> 69.098092 | I67: ='[1]Electricity and CHPs'!E15 -> 70.384658 | J67: ='[2]Electricity and CHPs'!F15 -> 71.522015 | K67: ='[2]Electricity and CHPs'!G15 -> 72.605806 | L67: ='[2]Electricity and CHPs'!H15 -> 74.775641
A68: =A67 -> STEM | B68: =B67 -> SPS1 | C68: =C67 -> CH | D68: Electricity generation|Hydro|Hydro Run of River | E68: =E67 -> PJ/yr. | F68: ='[1]Electricity and CHPs'!B16 -> 66.6324 | G68: ='[1]Electricity and CHPs'!C16 -> 55.764 | H68: ='[1]Electricity and CHPs'!D16 -> 65.549521 | I68: ='[1]Electricity and CHPs'!E16 -> 64.465726 | J68: ='[2]Electricity and CHPs'!F16 -> 63.385012 | K68: ='[2]Electricity and CHPs'!G16 -> 62.301222 | L68: ='[2]Electricity and CHPs'!H16 -> 60.131389
A69: =A68 -> STEM | B69: =B68 -> SPS1 | C69: =C68 -> CH | D69: Electricity generation|Hydro|Pump storage | E69: =E68 -> PJ/yr. | F69: ='[1]Electricity and CHPs'!B17 -> 12.841921 | G69: ='[1]Electricity and CHPs'!C17 -> 16.033523 | H69: ='[1]Electricity and CHPs'!D17 -> 2.3808806 | I69: ='[1]Electricity and CHPs'!E17 -> 12.619333 | J69: ='[2]Electricity and CHPs'!F17 -> 12.615579 | K69: ='[2]Electricity and CHPs'!G17 -> 12.720035 | L69: ='[2]Electricity and CHPs'!H17 -> 12.912926
A70: =A61 -> STEM | B70: =B61 -> SPS1 | C70: =C61 -> CH | D70: Electricity generation|Oil | E70: =E61 -> PJ/yr. | F70: =SUM(F71:F73) -> 0.11190474 | G70: =SUM(G71:G73) -> 0.17152873 | H70: =SUM(H71:H73) -> 0.01418789 | I70: =SUM(I71:I73) -> 0.1715307 | J70: =SUM(J71:J73) -> 0.17153306 | K70: =SUM(K71:K73) -> 0.017856645 | L70: =SUM(L71:L73) -> 0.15762761
A71: =A70 -> STEM | B71: =B70 -> SPS1 | C71: =C70 -> CH | D71: Electricity generation|Oil|Peak devices | E71: =E61 -> PJ/yr. | F71: ='[1]Electricity and CHPs'!B18 -> 0.039601031 | G71: ='[1]Electricity and CHPs'!C18 -> 4.0467292e-05 | H71: ='[1]Electricity and CHPs'!D18 -> 0.0039569266 | I71: ='[1]Electricity and CHPs'!E18 -> 0.00023315828 | J71: ='[2]Electricity and CHPs'!F18 -> 0.0012650505 | K71: ='[2]Electricity and CHPs'!G18 -> 0.0017505109 | L71: ='[2]Electricity and CHPs'!H18 -> 0.0036077925
A72: =A71 -> STEM | B72: =B71 -> SPS1 | C72: =C71 -> CH | D72: Electricity generation|Oil|CHP Oil (for District Heating) | E72: =E126 -> PJ/yr. | F72: ='[1]Electricity and CHPs'!B28 -> 0.0018009909 | G72: ='[1]Electricity and CHPs'!C28 -> 4.2907107e-05 | H72: ='[1]Electricity and CHPs'!D28 -> 0.00047429827 | I72: ='[1]Electricity and CHPs'!E28 -> 0.00012521024 | J72: ='[2]Electricity and CHPs'!F28 -> 0.00067369306 | K72: ='[2]Electricity and CHPs'!G28 -> 0.00064288873 | L72: ='[2]Electricity and CHPs'!H28 -> 0.00032995969
A73: =A72 -> STEM | B73: =B72 -> SPS1 | C73: =C72 -> CH | D73: Electricity generation|Oil|Industrial CHPs oil | E73: =E81 -> PJ/yr. | F73: ='[1]Electricity and CHPs'!B41 -> 0.070502719 | G73: ='[1]Electricity and CHPs'!C41 -> 0.17144535 | H73: ='[1]Electricity and CHPs'!D41 -> 0.0097566648 | I73: ='[1]Electricity and CHPs'!E41 -> 0.17117233 | J73: ='[2]Electricity and CHPs'!F41 -> 0.16959432 | K73: ='[2]Electricity and CHPs'!G41 -> 0.015463245 | L73: ='[2]Electricity and CHPs'!H41 -> 0.15368986
A74: =A69 -> STEM | B74: =B69 -> SPS1 | C74: =C69 -> CH | D74: Electricity generation|Oil|Fossil liquids | E74: =E69 -> PJ/yr. | F74: =SUM(F75:F77) -> 0.11190474 | G74: =SUM(G75:G77) -> 0.17152873 | H74: =SUM(H75:H77) -> 0.01418789 | I74: =SUM(I75:I77) -> 0.1715307 | J74: =SUM(J75:J77) -> 0.17153306 | K74: =SUM(K75:K77) -> 0.017856645 | L74: =SUM(L75:L77) -> 0.15762761
A75: =A74 -> STEM | B75: =B74 -> SPS1 | C75: =C74 -> CH | D75: Electricity generation|Oil|Fossil liquids|Peak devices | E75: =E69 -> PJ/yr. | F75: =F71 -> 0.039601031 | G75: =G71 -> 4.0467292e-05 | H75: =H71 -> 0.0039569266 | I75: =I71 -> 0.00023315828 | J75: =J71 -> 0.0012650505 | K75: =K71 -> 0.0017505109 | L75: =L71 -> 0.0036077925
A76: =A75 -> STEM | B76: =B75 -> SPS1 | C76: =C75 -> CH | D76: Electricity generation|Oil|Fossil liquids|CHP Oil (for District Heating) | E76: =E134 -> PJ/yr. | F76: ='[1]Electricity and CHPs'!B28 -> 0.0018009909 | G76: ='[1]Electricity and CHPs'!C28 -> 4.2907107e-05 | H76: ='[1]Electricity and CHPs'!D28 -> 0.00047429827 | I76: ='[1]Electricity and CHPs'!E28 -> 0.00012521024 | J76: ='[2]Electricity and CHPs'!F28 -> 0.00067369306 | K76: ='[2]Electricity and CHPs'!G28 -> 0.00064288873 | L76: ='[2]Electricity and CHPs'!H28 -> 0.00032995969
A77: =A76 -> STEM | B77: =B76 -> SPS1 | C77: =C76 -> CH | D77: Electricity generation|Oil|Fossil liquids|Industrial CHPs oil | E77: =E89 -> PJ/yr. | F77: ='[1]Electricity and CHPs'!B41 -> 0.070502719 | G77: ='[1]Electricity and CHPs'!C41 -> 0.17144535 | H77: ='[1]Electricity and CHPs'!D41 -> 0.0097566648 | I77: ='[1]Electricity and CHPs'!E41 -> 0.17117233 | J77: ='[2]Electricity and CHPs'!F41 -> 0.16959432 | K77: ='[2]Electricity and CHPs'!G41 -> 0.015463245 | L77: ='[2]Electricity and CHPs'!H41 -> 0.15368986
A78: =A76 -> STEM | B78: =B76 -> SPS1 | C78: =C76 -> CH | D78: Electricity generation|Oil|Synthetic liquids | E78: =E75 -> PJ/yr. | F78: =SUM(F79:F81) -> 0 | G78: =SUM(G79:G81) -> 0 | H78: =SUM(H79:H81) -> 0 | I78: =SUM(I79:I81) -> 0 | J78: =SUM(J79:J81) -> 0 | K78: =SUM(K79:K81) -> 0 | L78: =SUM(L79:L81) -> 0
A79: =A77 -> STEM | B79: =B77 -> SPS1 | C79: =C77 -> CH | D79: Electricity generation|Oil|Synthetic liquids|Peak devices | E79: =E76 -> PJ/yr. | F79: 0 | G79: 0 | H79: 0 | I79: 0 | J79: 0 | K79: 0 | L79: 0
A80: =A79 -> STEM | B80: =B79 -> SPS1 | C80: =C79 -> CH | D80: Electricity generation|Oil|Synthetic liquids|CHP Oil (for District Heating) | E80: =E137 -> PJ/yr. | F80: 0 | G80: 0 | H80: 0 | I80: 0 | J80: 0 | K80: 0 | L80: 0
A81: =A80 -> STEM | B81: =B80 -> SPS1 | C81: =C80 -> CH | D81: Electricity generation|Oil|Synthetic liquids|Industrial CHPs oil | E81: =E92 -> PJ/yr. | F81: 0 | G81: 0 | H81: 0 | I81: 0 | J81: 0 | K81: 0 | L81: 0
A82: =A81 -> STEM | B82: =B81 -> SPS1 | C82: =C81 -> CH | D82: Electricity generation|Gas | E82: =E131 -> PJ/yr. | F82: =SUM(F83:F97) -> 3.2304497 | G82: =SUM(G83:G97) -> 1.9001474 | H82: =SUM(H83:H97) -> 2.1549583 | I82: =SUM(I83:I97) -> 2.5304655 | J82: =SUM(J83:J97) -> 8.2287819 | K82: =SUM(K83:K97) -> 11.887003 | L82: =SUM(L83:L97) -> 27.317299
A83: =A82 -> STEM | B83: =B82 -> SPS1 | C83: =C82 -> CH | D83: Electricity generation|Gas|Gas turbines combined cycle | E83: =E132 -> PJ/yr. | F83: ='[1]Electricity and CHPs'!B21 -> 0 | G83: ='[1]Electricity and CHPs'!C21 -> 0 | H83: ='[1]Electricity and CHPs'!D21 -> 0 | I83: ='[1]Electricity and CHPs'!E21 -> 0 | J83: ='[2]Electricity and CHPs'!F21 -> 0 | K83: ='[2]Electricity and CHPs'!G21 -> 0.79166533 | L83: ='[2]Electricity and CHPs'!H21 -> 12.431022
A84: =A83 -> STEM | B84: =B83 -> SPS1 | C84: =C83 -> CH | D84: Electricity generation|Gas|Gas turbines open cycle | E84: =E83 -> PJ/yr. | F84: ='[1]Electricity and CHPs'!B22 -> 0 | G84: ='[1]Electricity and CHPs'!C22 -> 0 | H84: ='[1]Electricity and CHPs'!D22 -> 0 | I84: ='[1]Electricity and CHPs'!E22 -> 0 | J84: ='[2]Electricity and CHPs'!F22 -> 0.003533767 | K84: ='[2]Electricity and CHPs'!G22 -> 0.0034558286 | L84: ='[2]Electricity and CHPs'!H22 -> 0.0055975193
A85: =A84 -> STEM | B85: =B84 -> SPS1 | C85: =C84 -> CH | D85: Electricity generation|Gas|Gas turbines combined cycle CCS | E85: =E84 -> PJ/yr. | F85: ='[1]Electricity and CHPs'!B23 -> 0 | G85: ='[1]Electricity and CHPs'!C23 -> 0 | H85: ='[1]Electricity and CHPs'!D23 -> 0 | I85: ='[1]Electricity and CHPs'!E23 -> 0 | J85: ='[2]Electricity and CHPs'!F23 -> 0 | K85: ='[2]Electricity and CHPs'!G23 -> 0 | L85: ='[2]Electricity and CHPs'!H23 -> 0
A86: =A85 -> STEM | B86: =B85 -> SPS1 | C86: =C85 -> CH | D86: Electricity generation|Gas|CHP Gas (for District Heating) | E86: =E85 -> PJ/yr. | F86: ='[1]Electricity and CHPs'!B24 -> 0.96588145 | G86: ='[1]Electricity and CHPs'!C24 -> 0.00017092983 | H86: ='[1]Electricity and CHPs'!D24 -> 0.074197658 | I86: ='[1]Electricity and CHPs'!E24 -> 0.0082432141 | J86: ='[2]Electricity and CHPs'!F24 -> 0.019206103 | K86: ='[2]Electricity and CHPs'!G24 -> 0.69599572 | L86: ='[2]Electricity and CHPs'!H24 -> 0.23079678
A87: =A86 -> STEM | B87: =B86 -> SPS1 | C87: =C86 -> CH | D87: Electricity generation|Gas|CHP Fuel Cell Gas (for District Heating) | E87: =E76 -> PJ/yr. | F87: ='[1]Electricity and CHPs'!B29 -> 0 | G87: ='[1]Electricity and CHPs'!C29 -> 0 | H87: ='[1]Electricity and CHPs'!D29 -> 0 | I87: ='[1]Electricity and CHPs'!E29 -> 0 | J87: ='[2]Electricity and CHPs'!F29 -> 0 | K87: ='[2]Electricity and CHPs'!G29 -> 0.38214668 | L87: ='[2]Electricity and CHPs'!H29 -> 1.7451783
A88: =A87 -> STEM | B88: =B87 -> SPS1 | C88: =C87 -> CH | D88: Electricity generation|Gas|Industrial CHPs gas | E88: =E166 -> PJ/yr. | F88: ='[1]Electricity and CHPs'!B39 -> 0.66996706 | G88: ='[1]Electricity and CHPs'!C39 -> 0.16578928 | H88: ='[1]Electricity and CHPs'!D39 -> 0.95518478 | I88: ='[1]Electricity and CHPs'!E39 -> 1.4159657 | J88: ='[2]Electricity and CHPs'!F39 -> 0.81360283 | K88: ='[2]Electricity and CHPs'!G39 -> 0.25164189 | L88: ='[2]Electricity and CHPs'!H39 -> 0.046303761
A89: =A88 -> STEM | B89: =B88 -> SPS1 | C89: =C88 -> CH | D89: Electricity generation|Gas|Industrial CHPs gas (CCS) | E89: =E88 -> PJ/yr. | F89: ='[1]Electricity and CHPs'!B40 -> 0 | G89: ='[1]Electricity and CHPs'!C40 -> 0 | H89: ='[1]Electricity and CHPs'!D40 -> 0 | I89: ='[1]Electricity and CHPs'!E40 -> 0 | J89: ='[2]Electricity and CHPs'!F40 -> 0 | K89: ='[2]Electricity and CHPs'!G40 -> 0 | L89: ='[2]Electricity and CHPs'!H40 -> 0
A90: =A89 -> STEM | B90: =B89 -> SPS1 | C90: =C89 -> CH | D90: Electricity generation|Gas|Industrial CHPs fuel cells (gas reformer) | E90: =E171 -> PJ/yr. | F90: ='[1]Electricity and CHPs'!B47 -> 0 | G90: ='[1]Electricity and CHPs'!C47 -> 0 | H90: ='[1]Electricity and CHPs'!D47 -> 0 | I90: ='[1]Electricity and CHPs'!E47 -> 0.00031198221 | J90: ='[2]Electricity and CHPs'!F47 -> 0.001196326 | K90: ='[2]Electricity and CHPs'!G47 -> 0.0039577322 | L90: ='[2]Electricity and CHPs'!H47 -> 0.0020110247
A91: =A90 -> STEM | B91: =B90 -> SPS1 | C91: =C90 -> CH | D91: Electricity generation|Gas|Residential single family CHPs gas | E91: =E90 -> PJ/yr. | F91: ='[1]Electricity and CHPs'!B48 -> 0.013144636 | G91: ='[1]Electricity and CHPs'!C48 -> 0.00085641395 | H91: ='[1]Electricity and CHPs'!D48 -> 0.0019970662 | I91: ='[1]Electricity and CHPs'!E48 -> 0 | J91: ='[2]Electricity and CHPs'!F48 -> 0.0066240431 | K91: ='[2]Electricity and CHPs'!G48 -> 0.0035930866 | L91: ='[2]Electricity and CHPs'!H48 -> 0.0019506648
A92: =A91 -> STEM | B92: =B91 -> SPS1 | C92: =C91 -> CH | D92: Electricity generation|Gas|Residential single family CHPs fuel cells gas | E92: =E91 -> PJ/yr. | F92: ='[1]Electricity and CHPs'!B49 -> 0 | G92: ='[1]Electricity and CHPs'!C49 -> 0 | H92: ='[1]Electricity and CHPs'!D49 -> 0 | I92: ='[1]Electricity and CHPs'!E49 -> 0 | J92: ='[2]Electricity and CHPs'!F49 -> 0.00068630828 | K92: ='[2]Electricity and CHPs'!G49 -> 0.00069708297 | L92: ='[2]Electricity and CHPs'!H49 -> 0.00069723149
A93: =A92 -> STEM | B93: =B92 -> SPS1 | C93: =C92 -> CH | D93: Electricity generation|Gas|Residential multi family CHPs gas | E93: =E156 -> PJ/yr. | F93: ='[1]Electricity and CHPs'!B51 -> 0.027688806 | G93: ='[1]Electricity and CHPs'!C51 -> 0.0015160624 | H93: ='[1]Electricity and CHPs'!D51 -> 0.0025605283 | I93: ='[1]Electricity and CHPs'!E51 -> 0 | J93: ='[2]Electricity and CHPs'!F51 -> 1.1699466 | K93: ='[2]Electricity and CHPs'!G51 -> 3.7907774 | L93: ='[2]Electricity and CHPs'!H51 -> 2.9976674
A94: =A93 -> STEM | B94: =B93 -> SPS1 | C94: =C93 -> CH | D94: Electricity generation|Gas|Residential multi family CHPs fuel cells gas | E94: =E93 -> PJ/yr. | F94: ='[1]Electricity and CHPs'!B52 -> 0 | G94: ='[1]Electricity and CHPs'!C52 -> 0 | H94: ='[1]Electricity and CHPs'!D52 -> 0 | I94: ='[1]Electricity and CHPs'!E52 -> 0 | J94: ='[2]Electricity and CHPs'!F52 -> 0.0037179291 | K94: ='[2]Electricity and CHPs'!G52 -> 0.0056189216 | L94: ='[2]Electricity and CHPs'!H52 -> 1.3233991
A95: =A94 -> STEM | B95: =B94 -> SPS1 | C95: =C94 -> CH | D95: Electricity generation|Gas|Services sectors CHPs (bio)gas | E95: =E157 -> PJ/yr. | F95: ='[1]Electricity and CHPs'!B54 -> 0.95936764 | G95: ='[1]Electricity and CHPs'!C54 -> 1.1059448 | H95: ='[1]Electricity and CHPs'!D54 -> 1.1059444 | I95: ='[1]Electricity and CHPs'!E54 -> 1.1059446 | J95: ='[2]Electricity and CHPs'!F54 -> 1.1059601 | K95: ='[2]Electricity and CHPs'!G54 -> 1.1059602 | L95: ='[2]Electricity and CHPs'!H54 -> 1.1059603
A96: =A95 -> STEM | B96: =B95 -> SPS1 | C96: =C95 -> CH | D96: Electricity generation|Gas|Services sectors CHPs gas | E96: =E95 -> PJ/yr. | F96: ='[1]Electricity and CHPs'!B55 -> 0.59440009 | G96: ='[1]Electricity and CHPs'!C55 -> 0.62586993 | H96: ='[1]Electricity and CHPs'!D55 -> 0.015073806 | I96: ='[1]Electricity and CHPs'!E55 -> 0 | J96: ='[2]Electricity and CHPs'!F55 -> 5.1024211 | K96: ='[2]Electricity and CHPs'!G55 -> 4.8446735 | L96: ='[2]Electricity and CHPs'!H55 -> 0.00058836126
A97: =A96 -> STEM | B97: =B96 -> SPS1 | C97: =C96 -> CH | D97: Electricity generation|Gas|Services sectors CHPs fuel cells (gas reformer) | E97: =E172 -> PJ/yr. | F97: ='[1]Electricity and CHPs'!B58 -> 0 | G97: ='[1]Electricity and CHPs'!C58 -> 0 | H97: ='[1]Electricity and CHPs'!D58 -> 0 | I97: ='[1]Electricity and CHPs'!E58 -> 0 | J97: ='[2]Electricity and CHPs'!F58 -> 0.0018868443 | K97: ='[2]Electricity and CHPs'!G58 -> 0.0068198166 | L97: ='[2]Electricity and CHPs'!H58 -> 7.4261268
A98: =A97 -> STEM | B98: =B97 -> SPS1 | C98: =C97 -> CH | D98: Electricity generation|Gas|Fossil gases | E98: =E173 -> PJ/yr. | F98: =F82-F114 -> 2.2132158 | G98: =G82-G114 -> 0.77086562 | H98: =H82-H114 -> 0.96173065 | I98: =I82-I114 -> 1.23384 | J98: =J82-J114 -> 7.0025965 | K98: =K82-K114 -> 10.70787 | L98: =L82-L114 -> 26.118604
A99: =A98 -> STEM | B99: =B98 -> SPS1 | C99: =C98 -> CH | D99: Electricity generation|Gas|Fossil gases|Gas turbines combined cycle | E99: =E174 -> PJ/yr. | F99: =F83-F115 -> 0 | G99: =G83-G115 -> 0 | H99: =H83-H115 -> 0 | I99: =I83-I115 -> 0 | J99: =J83-J115 -> 0 | K99: =K83-K115 -> 0.78629218 | L99: =L83-L115 -> 12.387041
A100: =A99 -> STEM | B100: =B99 -> SPS1 | C100: =C99 -> CH | D100: Electricity generation|Gas|Fossil gases|Gas turbines open cycle | E100: =E175 -> PJ/yr. | F100: =F84-F116 -> 0 | G100: =G84-G116 -> 0 | H100: =H84-H116 -> 0 | I100: =I84-I116 -> 0 | J100: =J84-J116 -> 0.003474121 | K100: =K84-K116 -> 0.0034323734 | L100: =L84-L116 -> 0.0055777154
...

Sheet check
C2: 2020 | D2: 2022 | E2: 2025 | F2: 2030 | G2: 2040 | H2: 2050
B3: Final energy consumption | C3: =SUM(C4:C7) -> 715.97461 | D3: =SUM(D4:D7) -> 703.8406 | E3: =SUM(E4:E7) -> 691.24611 | F3: =SUM(F4:F7) -> 637.80902 | G3: =SUM(G4:G7) -> 605.1044 | H3: =SUM(H4:H7) -> 592.76753
B4: Industry | C4: =SPS4_FIN_Mid!F763 -> 142.21742 | D4: =SPS4_FIN_Mid!G763 -> 142.7224 | E4: =SPS4_FIN_Mid!H763 -> 148.56509 | F4: =SPS4_FIN_Mid!I763 -> 149.71092 | G4: =SPS4_FIN_Mid!J763 -> 150.34868 | H4: =SPS4_FIN_Mid!K763 -> 147.83203
B5: Services | C5: =SPS4_FIN_Mid!F882 -> 140.10109 | D5: =SPS4_FIN_Mid!G882 -> 139.66588 | E5: =SPS4_FIN_Mid!H882 -> 133.51313 | F5: =SPS4_FIN_Mid!I882 -> 128.68312 | G5: =SPS4_FIN_Mid!J882 -> 125.72938 | H5: =SPS4_FIN_Mid!K882 -> 121.90071
B6: Residential | C6: =SPS4_FIN_Mid!F972 -> 219.91228 | D6: =SPS4_FIN_Mid!G972 -> 216.99271 | E6: =SPS4_FIN_Mid!H972 -> 220.35317 | F6: =SPS4_FIN_Mid!I972 -> 211.18259 | G6: =SPS4_FIN_Mid!J972 -> 205.887 | H6: =SPS4_FIN_Mid!K972 -> 200.53566
B7: Transport | C7: =SPS4_FIN_Mid!F1136+SPS4_FIN_Mid!F1315+SPS4_FIN_Mid!F1399+SPS4_FIN_Mid!F1483+SPS4_FIN_Mid!F1490+SPS4_FIN_Mid!F1497+SPS4_FIN_Mid!F1546+SPS4_FIN_Mid!F1593+SPS4_FIN_Mid!F1640 -> 213.74382 | D7: =SPS4_FIN_Mid!G1136+SPS4_FIN_Mid!G1315+SPS4_FIN_Mid!G1399+SPS4_FIN_Mid!G1483+SPS4_FIN_Mid!G1490+SPS4_FIN_Mid!G1497+SPS4_FIN_Mid!G1546+SPS4_FIN_Mid!G1593+SPS4_FIN_Mid!G1640 -> 204.45961 | E7: =SPS4_FIN_Mid!H1136+SPS4_FIN_Mid!H1315+SPS4_FIN_Mid!H1399+SPS4_FIN_Mid!H1483+SPS4_FIN_Mid!H1490+SPS4_FIN_Mid!H1497+SPS4_FIN_Mid!H1546+SPS4_FIN_Mid!H1593+SPS4_FIN_Mid!H1640 -> 188.81471 | F7: =SPS4_FIN_Mid!I1136+SPS4_FIN_Mid!I1315+SPS4_FIN_Mid!I1399+SPS4_FIN_Mid!I1483+SPS4_FIN_Mid!I1490+SPS4_FIN_Mid!I1497+SPS4_FIN_Mid!I1546+SPS4_FIN_Mid!I1593+SPS4_FIN_Mid!I1640 -> 148.23239 | G7: =SPS4_FIN_Mid!J1136+SPS4_FIN_Mid!J1315+SPS4_FIN_Mid!J1399+SPS4_FIN_Mid!J1483+SPS4_FIN_Mid!J1490+SPS4_FIN_Mid!J1497+SPS4_FIN_Mid!J1546+SPS4_FIN_Mid!J1593+SPS4_FIN_Mid!J1640 -> 123.13934 | H7: =SPS4_FIN_Mid!K1136+SPS4_FIN_Mid!K1315+SPS4_FIN_Mid!K1399+SPS4_FIN_Mid!K1483+SPS4_FIN_Mid!K1490+SPS4_FIN_Mid!K1497+SPS4_FIN_Mid!K1546+SPS4_FIN_Mid!K1593+SPS4_FIN_Mid!K1640 -> 122.49913
B8: Fuel input to energy conversion and DAC | C8: =SUM(C9:C12) -> 509.61966 | D8: =SUM(D9:D12) -> 499.19819 | E8: =SUM(E9:E12) -> 508.42264 | F8: =SUM(F9:F12) -> 512.31182 | G8: =SUM(G9:G12) -> 483.14559 | H8: =SUM(H9:H12) -> 436.53991
B9: Electricity and heat | C9: =SPS4_FIN_Mid!F291+SPS4_FIN_Mid!F409 -> 493.39818 | D9: =SPS4_FIN_Mid!G291+SPS4_FIN_Mid!G409 -> 474.49247 | E9: =SPS4_FIN_Mid!H291+SPS4_FIN_Mid!H409 -> 481.1407 | F9: =SPS4_FIN_Mid!I291+SPS4_FIN_Mid!I409 -> 489.07484 | G9: =SPS4_FIN_Mid!J291+SPS4_FIN_Mid!J409 -> 460.57355 | H9: =SPS4_FIN_Mid!K291+SPS4_FIN_Mid!K409 -> 414.10229
B10: Biofuel production | C10: =SPS4_FIN_Mid!F590+SPS4_FIN_Mid!F604+SPS4_FIN_Mid!F644 -> 16.217753 | D10: =SPS4_FIN_Mid!G590+SPS4_FIN_Mid!G604+SPS4_FIN_Mid!G644 -> 24.701967 | E10: =SPS4_FIN_Mid!H590+SPS4_FIN_Mid!H604+SPS4_FIN_Mid!H644 -> 27.278265 | F10: =SPS4_FIN_Mid!I590+SPS4_FIN_Mid!I604+SPS4_FIN_Mid!I644 -> 23.233424 | G10: =SPS4_FIN_Mid!J590+SPS4_FIN_Mid!J604+SPS4_FIN_Mid!J644 -> 22.562196 | H10: =SPS4_FIN_Mid!K590+SPS4_FIN_Mid!K604+SPS4_FIN_Mid!K644 -> 22.428295
B11: Hydrogen production | C11: =SPS4_FIN_Mid!F679 -> 0.0037283021 | D11: =SPS4_FIN_Mid!G679 -> 0.0037478591 | E11: =SPS4_FIN_Mid!H679 -> 0.0036757241 | F11: =SPS4_FIN_Mid!I679 -> 0.0035620016 | G11: =SPS4_FIN_Mid!J679 -> 0.0098486031 | H11: =SPS4_FIN_Mid!K679 -> 0.0093273753
B12: DAC | C12: =SPS4_FIN_Mid!F1707 -> 0 | D12: =SPS4_FIN_Mid!G1707 -> 0 | E12: =SPS4_FIN_Mid!H1707 -> 0 | F12: =SPS4_FIN_Mid!I1707 -> 0 | G12: =SPS4_FIN_Mid!J1707 -> 0 | H12: =SPS4_FIN_Mid!K1707 -> 0
B13: Total Primary energy consumption | C13: =SPS4_FIN_Mid!F2+SPS4_FIN_Mid!F20-SPS4_FIN_Mid!F57 -> 962.31272 | D13: =SPS4_FIN_Mid!G2+SPS4_FIN_Mid!G20-SPS4_FIN_Mid!G57 -> 960.67929 | E13: =SPS4_FIN_Mid!H2+SPS4_FIN_Mid!H20-SPS4_FIN_Mid!H57 -> 913.07082 | F13: =SPS4_FIN_Mid!I2+SPS4_FIN_Mid!I20-SPS4_FIN_Mid!I57 -> 864.17176 | G13: =SPS4_FIN_Mid!J2+SPS4_FIN_Mid!J20-SPS4_FIN_Mid!J57 -> 808.05133 | H13: =SPS4_FIN_Mid!K2+SPS4_FIN_Mid!K20-SPS4_FIN_Mid!K57 -> 755.39098
B14: Domestic production | C14: =SPS4_FIN_Mid!F2 -> 300.18603 | D14: =SPS4_FIN_Mid!G2 -> 295.45269 | E14: =SPS4_FIN_Mid!H2 -> 329.78473 | F14: =SPS4_FIN_Mid!I2 -> 369.92536 | G14: =SPS4_FIN_Mid!J2 -> 380.57144 | H14: =SPS4_FIN_Mid!K2 -> 399.36943
B15: Imports | C15: =SPS4_FIN_Mid!F20 -> 779.2967 | D15: =SPS4_FIN_Mid!G20 -> 700.84944 | E15: =SPS4_FIN_Mid!H20 -> 657.91151 | F15: =SPS4_FIN_Mid!I20 -> 553.03123 | G15: =SPS4_FIN_Mid!J20 -> 471.4972 | H15: =SPS4_FIN_Mid!K20 -> 375.71981
B16: Exports | C16: =SPS4_FIN_Mid!F57 -> 117.17001 | D16: =SPS4_FIN_Mid!G57 -> 35.622834 | E16: =SPS4_FIN_Mid!H57 -> 74.625428 | F16: =SPS4_FIN_Mid!I57 -> 58.784829 | G16: =SPS4_FIN_Mid!J57 -> 44.017319 | H16: =SPS4_FIN_Mid!K57 -> 19.698265
