Workbook

Sheet Variable_List
B2: Variable | C2: Description | D2: Unit | E2: Comment
B3: Primary Production | C3: Domestic primary production of resources | D3: PJ/yr.
B4: Imports | C4: Imports of energy carriers | D4: PJ/yr.
B5: Exports | C5: Exports of energy carriers | D5: PJ/yr.
B6: Electricity generation | C6: Domestic electricity generation | D6: PJ/yr.
B7: Heat generation from CHPs and heat plants | C7: Domestic heat production from CHPs (District heating CHPs or onsite CHPs) and heat plants | D7: PJ/yr.
B8: Fuel input for electricity generation | C8: Fuel input allocated to domestic electricity generation only | D8: PJ/yr.
B9: Fuel input for heat generation from CHPs and heat plants | C9: Fuel input allocated to domestic heat production from CHPs and heat plants only | D9: PJ/yr.
B10: Efficiency of power plants (electric) | C10: Average annual efficiency of power plants and CHPs for electricity production only | D10: % | E10: The thermal efficiency of CHPs can be inferred from the Heat to Electricity production ratio, but it can also be provided; the average efficiency differs from the technical efficiency as it includes efficiency losses due to part load operation
B11: Efficiency of heat plants (thermal) | C11: Average annual efficiency of heat plants | D11: % | E11: It is the annual marketed efficiency including part load efficiency losses and differs from the full load nominal technical efficiency; for heat pumps refers to COP
B12: Domestic biodiesel production | C12: Domestic production of biodiesel | D12: PJ/yr.
B13: Heat from domestic biodiesel production | C13: Heat produced as byproduct from biodiesel production and fed into the district heating network | D13: PJ/yr.
B14: Fuel input for domestic biodiesel production | C14: Fuel input for the domestic production of biodiesel | D14: PJ/yr.
B15: Efficiency for domestic biodiesel production | C15: Average annual efficiency for biodiesel and heat production | D15: %
B16: Domestic ethanol production | C16: Domestic production of ethanol | D16: PJ/yr.
B17: Fuel input for domestic ethanol production | C17: Fuel input for the domestic production of ethanol | D17: PJ/yr.
B18: Efficiency for domestic ethanol production | C18: Average annual efficiency for domestic production of ethanol | D18: %
B19: Domestic biogas production | C19: Domestic production of biogas and biogenic syngas | D19: PJ/yr.
B20: Electricity from domestic biogas production | C20: Electriicty produced as byproduct from biogas production and fed into the grid | D20: PJ/yr.
B21: Heat from domestic biogas production | C21: Heat produced as byproduct from biogas production and fed into the district heating network | D21: PJ/yr.
B22: Fuel input for domestic biogas production | C22: Fuel input for domestic biogas production | D22: PJ/yr.
B23: Efficiency for domestic biogas production | C23: Average annual efficiency for biogas production (accounting for byproduct production) | D23: %
... B25: Fuel input for hydrogen production | C25: Fuel input for deomstic hydrogen production | D25: PJ/yr.
B26: Efficiency for hydrogen production | C26: Average annual efficiency for hydrogen production | D26: % | E26: Including losses due to part load operation
B27: Biomethane production from biogas upgrade | C27: Production of domestic biomethane from biogas | D27: PJ/yr. | E27: One technology only fuel output is biomethane
B28: Fuel input for biogas upgrade to biomethane | C28: Use of biogas for upgrade to biomethane | D28: PJ/yr. | E28: One technology only fuel input is biogas
B29: Efficiency for biomethane production from biogas upgrade | C29: Average annual efficiency of biogas to biomethane upgrade | D29: PJ/yr. | E29: One technology only fuel input is biogas, fuel output is biomethane
B30: Domestic PtG and PtL production | C30: Domestic production of power-to-gas and power-to-liquids | D30: PJ/yr.
B31: Fuel input for domestic PtG and PtL production | C31: Fuel used for domestic PtG and PtL production (excl. CO2) | D31: PJ/yr.
B32: Efficiency for domestic PtG and PtL production | C32: Average annual efficiency for PtG and PtL processes (excl. CO2 consumption) | D32: %
B33: CO2 input for domestic PtG and PtL production | C33: CO2 input for domestic PtG and PtL production | D33: Mt/yr. | E33: The distinction of the source of CO2 (biogenic or fossil) is also provided and can be proportionally allocated to the technologies for PtG and PtL
B34: Domestic wood to pellet production | C34: Wood conversion to pellet domestic production output | D34: PJ/yr. | E34: One technology only , input is wood output is pellet
B35: Fuel input for wood to pellet production | C35: Wood conversion to pellet domestic production - input wood required | D35: PJ/yr. | E35: One technology only , input is wood output is pellet
B36: Efficiency for wood to pellet production | C36: Average annual efficiency of wood to pellet conversion | D36: %
B37: Fuel consumption in industry sectors | C37: Fuel consumption in industry by fuel and technology | D37: PJ/yr. | E37: This unfortunately it will change when the new industrial sectors will be integrated into STEM
B38: Process and space heating production in industry sectors | C38: Energy service demand provided in the form of process and space heating in industry | D38: PJ/yr. | E38: This unfortunately it will change when the new industrial sectors will be integrated into STEM
B39: Efficiency in industry sectors | C39: Boilers efficiency and COP of heat pumps in the industrial sectors | D39: % | E39: This unfortunately it will change when the new industrial sectors will be integrated into STEM
B40: Fuel consumption in Services sectors | C40: Fuel consumption in services sectors by fuel and technology | D40: PJ/yr.
B41: Space water and process heat production in Services sectors | C41: Production of energy service demand for space, water and process heat in Services sectors | D41: PJ/yr.
B42: Efficiency in Services sectors | C42: Boilers efficiency and COP of heat pumps in the Services sectors | D42: %
B43: Fuel consumption in Residential sector | C43: Fuel consumption for residential space and water heating (differentiated) by fuel and technology | D43: PJ/yr.
B44: Space and water heat production in Residential sector | C44: Space and water heat production by technology in residential sectors | D44: PJ/yr.
B45: Efficiency in Residential sector | C45: Average annual efficiency of residential boilers including part load lossess | D45: %
B46: Fuel consumption in cars | C46: Fuel consumption in cars | D46: PJ/yr. | E46: The alternative fuels consumption is provided for totals but it can be proportionally allocated to cars
B47: Cars mileage | C47: Annual km driven by cars per car type and fuel | D47: billion km/yr.
B48: Cars efficiency | C48: Average annual efficiency across all the stock of the same car type | D48: km/MJ | E48: Some extreme values are artefacts from the solution (very small numbers close to zero in consumption or mileage or both)
B49: Fuel consumption in urban buses | C49: Fuel consumption in urban buses (not trolleybuses) | D49: PJ/yr.
B50: Urban buses mileage | C50: Annual km driven per urban bus type and fuel | D50: billion km/yr. | E50: Some extreme values are artefacts from the solution (very small numbers close to zero in consumption or mileage or both)
B51: Urban buses efficiency | C51: Average annual efficiency across all the stock of the same urban bus type | D51: km/MJ
B52: Fuel consumption in coaches | C52: Fuel consumption in coaches | D52: PJ/yr.
B53: Coaches mileage | C53: Annual km driven per coach type and fuel | D53: billion km/yr. | E53: Some extreme values are artefacts from the solution (very small numbers close to zero in consumption or mileage or both)
B54: Coaches efficiency | C54: Average annual efficiency across all the stock of the same coach type | D54: km/MJ
B55: Fuel consumption in trolleybuses | C55: Fuel consumption in trolleybuses | D55: PJ/yr.
B56: Trolleybuses mileage | C56: Annual km driven by trolleybus type and fuel | D56: billion km/yr.
B57: Trolleybuses efficiency | C57: Average annual efficiency across all the stock of the same trolleybus type | D57: km/MJ
B58: Fuel consumption in trams | C58: Fuel consumption in trams | D58: PJ/yr.
B59: Trams mileage | C59: Annual km driven by trams and fuel | D59: billion km/yr.
B60: Trams efficiency | C60: Average annual efficiency across all the stock of the same tram type | D60: km/MJ
B61: Fuel consumption in motorised two wheelers | C61: Fuel consumption in two wheelers by fuel and size | D61: PJ/yr.
B62: Motorised two wheelers mileage | C62: Annual km driven by type and fuel | D62: billion km/yr.
B63: Motorised two wheelers efficiency | C63: Average annual efficiency across all the stock of the same two wheelers type | D63: km/MJ
B64: Fuel consumption in light duty vehicles | C64: Fuel consumption in light duty vehicles by fuel and size | D64: PJ/yr.
B65: Light duty vehicles mileage | C65: Annual km driven by type and fuel | D65: billion km/yr.
... B90: Urban buses stock additions | C90: New urban buses registrations - the number in a year is cummulative registrations for the period represented under this year | D90: Million
B91: Coaches stock additions | C91: New coaches registrations - the number in a year is cummulative registrations for the period represented under this year
B92: Light duty vehicles stock additions | C92: New light duty vehicle registrations - the number in a year is cummulative registrations for the period represented under this year
B93: Heavy duty vehicles stock additions | C93: New heavy duty vehicle registrations - the number in a year is cummulative registrations for the period represented under this year
B94: Space and water heat boiler capacity additions in Residential sector | C94: Newly installed capacity - the capacity additions are reported for the whole period represented under the milestone year | D94: GWth/yr.
B95: Process and space heating capacity additions in industry sectors | C95: Newly installed capacity - the capacity additions are reported for the whole period represented under the milestone year | D95: GWth/yr.
B96: Space water and process heat boiler capacity additions in Services sectors | C96: Newly installed capacity - the capacity additions are reported for the whole period represented under the milestone year | D96: GWth/yr.
B97: Domestic hydrogen production capacity additions | C97: Newly installed capacity - the capacity additions are reported for the whole period represented under the milestone year | D97: GW-H2/yr.
B98: Other fuel synthesis capacity additions | C98: Newly installed capacity - the capacity additions are reported for the whole period represented under the milestone year | D98: GW-output/yr.

Sheet SPS2_SOC_Low
A1: Model | B1: Scenario | C1: Region | D1: Variable | E1: Unit | F1: 2020 | G1: 2022 | H1: 2025 | I1: 2030 | J1: 2035 | K1: 2040 | L1: 2050
A2: STEM | B2: SPS1 | C2: CH | D2: Primary Production | E2: PJ/yr. | F2: =F3+F8+F11+F12+F16+F17+F18+F19 -> 301.55157 | G2: =G3+G8+G11+G12+G16+G17+G18+G19 -> 298.76898 | H2: =H3+H8+H11+H12+H16+H17+H18+H19 -> 338.20473 | I2: =I3+I8+I11+I12+I16+I17+I18+I19 -> 444.85986 | J2: =J3+J8+J11+J12+J16+J17+J18+J19 -> 425.43102 | K2: =K3+K8+K11+K12+K16+K17+K18+K19 -> 531.32847 | L2: =L3+L8+L11+L12+L16+L17+L18+L19 -> 593.27218
A3: =A2 -> STEM | B3: =B2 -> SPS1 | C3: =C2 -> CH | D3: Primary Production|Wood | E3: PJ/yr. | F3: =SUM(F4:F7) -> 46.334115 | G3: =SUM(G4:G7) -> 50.490588 | H3: =SUM(H4:H7) -> 53.544917 | I3: =SUM(I4:I7) -> 53.546452 | J3: =SUM(J4:J7) -> 53.516689 | K3: =SUM(K4:K7) -> 53.839143 | L3: =SUM(L4:L7) -> 53.840065
A4: =A3 -> STEM | B4: =B3 -> SPS1 | C4: =C3 -> CH | D4: Primary Production|Wood|Waste wood | E4: PJ/yr. | F4: {=SUMPRODUCT(("RNWWOD1"=[1]OUT_PrimaryEnergyCons!$A$1:$A$1000)*1,[1]OUT_PrimaryEnergyCons!D$1:D$1000)} -> 11.111976 | G4: {=SUMPRODUCT(("RNWWOD1"=[1]OUT_PrimaryEnergyCons!$A$1:$A$1000)*1,[1]OUT_PrimaryEnergyCons!E$1:E$1000)} -> 11.952924 | H4: {=SUMPRODUCT(("RNWWOD1"=[1]OUT_PrimaryEnergyCons!$A$1:$A$1000)*1,[1]OUT_PrimaryEnergyCons!F$1:F$1000)} -> 13.357213 | I4: {=SUMPRODUCT(("RNWWOD1"=[1]OUT_PrimaryEnergyCons!$A$1:$A$1000)*1,[1]OUT_PrimaryEnergyCons!G$1:G$1000)} -> 15.656187 | J4: {=SUMPRODUCT(("RNWWOD1"=[2]OUT_PrimaryEnergyCons!$A$1:$A$1000)*1,[2]OUT_PrimaryEnergyCons!H$1:H$1000)} -> 16.424569 | K4: {=SUMPRODUCT(("RNWWOD1"=[2]OUT_PrimaryEnergyCons!$A$1:$A$1000)*1,[2]OUT_PrimaryEnergyCons!I$1:I$1000)} -> 17.113643 | L4: {=SUMPRODUCT(("RNWWOD1"=[2]OUT_PrimaryEnergyCons!$A$1:$A$1000)*1,[2]OUT_PrimaryEnergyCons!J$1:J$1000)} -> 18.429672
A5: =A4 -> STEM | B5: =B4 -> SPS1 | C5: =C4 -> CH | D5: Primary Production|Wood|Wood residues | E5: PJ/yr. | F5: {=SUMPRODUCT(("RNWWOD2"=[1]OUT_PrimaryEnergyCons!$A$1:$A$1000)*1,[1]OUT_PrimaryEnergyCons!D$1:D$1000)} -> 7.5117708 | G5: {=SUMPRODUCT(("RNWWOD2"=[1]OUT_PrimaryEnergyCons!$A$1:$A$1000)*1,[1]OUT_PrimaryEnergyCons!E$1:E$1000)} -> 7.5431833 | H5: {=SUMPRODUCT(("RNWWOD2"=[1]OUT_PrimaryEnergyCons!$A$1:$A$1000)*1,[1]OUT_PrimaryEnergyCons!F$1:F$1000)} -> 7.5903685 | I5: {=SUMPRODUCT(("RNWWOD2"=[1]OUT_PrimaryEnergyCons!$A$1:$A$1000)*1,[1]OUT_PrimaryEnergyCons!G$1:G$1000)} -> 7.6690331 | J5: {=SUMPRODUCT(("RNWWOD2"=[2]OUT_PrimaryEnergyCons!$A$1:$A$1000)*1,[2]OUT_PrimaryEnergyCons!H$1:H$1000)} -> 7.6690264 | K5: {=SUMPRODUCT(("RNWWOD2"=[2]OUT_PrimaryEnergyCons!$A$1:$A$1000)*1,[2]OUT_PrimaryEnergyCons!I$1:I$1000)} -> 7.6690275 | L5: {=SUMPRODUCT(("RNWWOD2"=[2]OUT_PrimaryEnergyCons!$A$1:$A$1000)*1,[2]OUT_PrimaryEnergyCons!J$1:J$1000)} -> 7.6690281
A6: =A5 -> STEM | B6: =B5 -> SPS1 | C6: =C5 -> CH | D6: Primary Production|Wood|Wood from landscape maintenance | E6: PJ/yr. | F6: {=SUMPRODUCT(("RNWWOD3"=[1]OUT_PrimaryEnergyCons!$A$1:$A$1000)*1,[1]OUT_PrimaryEnergyCons!D$1:D$1000)} -> 3.1683464 | G6: {=SUMPRODUCT(("RNWWOD3"=[1]OUT_PrimaryEnergyCons!$A$1:$A$1000)*1,[1]OUT_PrimaryEnergyCons!E$1:E$1000)} -> 3.4957145 | H6: {=SUMPRODUCT(("RNWWOD3"=[1]OUT_PrimaryEnergyCons!$A$1:$A$1000)*1,[1]OUT_PrimaryEnergyCons!F$1:F$1000)} -> 3.9868298 | I6: {=SUMPRODUCT(("RNWWOD3"=[1]OUT_PrimaryEnergyCons!$A$1:$A$1000)*1,[1]OUT_PrimaryEnergyCons!G$1:G$1000)} -> 4.8053895 | J6: {=SUMPRODUCT(("RNWWOD3"=[2]OUT_PrimaryEnergyCons!$A$1:$A$1000)*1,[2]OUT_PrimaryEnergyCons!H$1:H$1000)} -> 4.8053851 | K6: {=SUMPRODUCT(("RNWWOD3"=[2]OUT_PrimaryEnergyCons!$A$1:$A$1000)*1,[2]OUT_PrimaryEnergyCons!I$1:I$1000)} -> 4.8053865 | L6: {=SUMPRODUCT(("RNWWOD3"=[2]OUT_PrimaryEnergyCons!$A$1:$A$1000)*1,[2]OUT_PrimaryEnergyCons!J$1:J$1000)} -> 4.8053852
A7: =A6 -> STEM | B7: =B6 -> SPS1 | C7: =C6 -> CH | D7: Primary Production|Wood|Wood from Forest (hard wood) | E7: PJ/yr. | F7: {=SUMPRODUCT(("RNWWOD4"=[1]OUT_PrimaryEnergyCons!$A$1:$A$1000)*1+("RNWWOD5"=[1]OUT_PrimaryEnergyCons!$A$1:$A$1000)*1,[1]OUT_PrimaryEnergyCons!D$1:D$1000)} -> 24.542022 | G7: {=SUMPRODUCT(("RNWWOD4"=[1]OUT_PrimaryEnergyCons!$A$1:$A$1000)*1+("RNWWOD5"=[1]OUT_PrimaryEnergyCons!$A$1:$A$1000)*1,[1]OUT_PrimaryEnergyCons!E$1:E$1000)} -> 27.498767 | H7: {=SUMPRODUCT(("RNWWOD4"=[1]OUT_PrimaryEnergyCons!$A$1:$A$1000)*1+("RNWWOD5"=[1]OUT_PrimaryEnergyCons!$A$1:$A$1000)*1,[1]OUT_PrimaryEnergyCons!F$1:F$1000)} -> 28.610505 | I7: {=SUMPRODUCT(("RNWWOD4"=[1]OUT_PrimaryEnergyCons!$A$1:$A$1000)*1+("RNWWOD5"=[1]OUT_PrimaryEnergyCons!$A$1:$A$1000)*1,[1]OUT_PrimaryEnergyCons!G$1:G$1000)} -> 25.415842 | J7: {=SUMPRODUCT(("RNWWOD4"=[2]OUT_PrimaryEnergyCons!$A$1:$A$1000)*1+("RNWWOD5"=[2]OUT_PrimaryEnergyCons!$A$1:$A$1000)*1,[2]OUT_PrimaryEnergyCons!H$1:H$1000)} -> 24.617709 | K7: {=SUMPRODUCT(("RNWWOD4"=[2]OUT_PrimaryEnergyCons!$A$1:$A$1000)*1+("RNWWOD5"=[2]OUT_PrimaryEnergyCons!$A$1:$A$1000)*1,[2]OUT_PrimaryEnergyCons!I$1:I$1000)} -> 24.251086 | L7: {=SUMPRODUCT(("RNWWOD4"=[2]OUT_PrimaryEnergyCons!$A$1:$A$1000)*1+("RNWWOD5"=[2]OUT_PrimaryEnergyCons!$A$1:$A$1000)*1,[2]OUT_PrimaryEnergyCons!J$1:J$1000)} -> 22.935979
A8: =A7 -> STEM | B8: =B7 -> SPS1 | C8: =C7 -> CH | D8: Primary Production|Waste | E8: PJ/yr. | F8: =SUM(F9:F10) -> 70.032087 | G8: =SUM(G9:G10) -> 71.22429 | H8: =SUM(H9:H10) -> 71.06665 | I8: =SUM(I9:I10) -> 74.271073 | J8: =SUM(J9:J10) -> 72.271096 | K8: =SUM(K9:K10) -> 79.195697 | L8: =SUM(L9:L10) -> 83.827842
A9: =A8 -> STEM | B9: =B8 -> SPS1 | C9: =C8 -> CH | D9: Primary Production|Waste|Non renewable waste | E9: PJ/yr. | F9: {=SUMPRODUCT(("RNNWWST1"=[1]OUT_PrimaryEnergyCons!$A$1:$A$1000)*1,[1]OUT_PrimaryEnergyCons!D$1:D$1000)} -> 35.931416 | G9: {=SUMPRODUCT(("RNNWWST1"=[1]OUT_PrimaryEnergyCons!$A$1:$A$1000)*1,[1]OUT_PrimaryEnergyCons!E$1:E$1000)} -> 36.121601 | H9: {=SUMPRODUCT(("RNNWWST1"=[1]OUT_PrimaryEnergyCons!$A$1:$A$1000)*1,[1]OUT_PrimaryEnergyCons!F$1:F$1000)} -> 35.963639 | I9: {=SUMPRODUCT(("RNNWWST1"=[1]OUT_PrimaryEnergyCons!$A$1:$A$1000)*1,[1]OUT_PrimaryEnergyCons!G$1:G$1000)} -> 37.032766 | J9: {=SUMPRODUCT(("RNNWWST1"=[2]OUT_PrimaryEnergyCons!$A$1:$A$1000)*1,[2]OUT_PrimaryEnergyCons!H$1:H$1000)} -> 34.93759 | K9: {=SUMPRODUCT(("RNNWWST1"=[2]OUT_PrimaryEnergyCons!$A$1:$A$1000)*1,[2]OUT_PrimaryEnergyCons!I$1:I$1000)} -> 38.082489 | L9: {=SUMPRODUCT(("RNNWWST1"=[2]OUT_PrimaryEnergyCons!$A$1:$A$1000)*1,[2]OUT_PrimaryEnergyCons!J$1:J$1000)} -> 39.221495
A10: =A9 -> STEM | B10: =B9 -> SPS1 | C10: =C9 -> CH | D10: Primary Production|Waste|Renewable waste | E10: PJ/yr. | F10: {=SUMPRODUCT(("RNWWST1"=[1]OUT_PrimaryEnergyCons!$A$1:$A$1000)*1,[1]OUT_PrimaryEnergyCons!D$1:D$1000)} -> 34.100671 | G10: {=SUMPRODUCT(("RNWWST1"=[1]OUT_PrimaryEnergyCons!$A$1:$A$1000)*1,[1]OUT_PrimaryEnergyCons!E$1:E$1000)} -> 35.102689 | H10: {=SUMPRODUCT(("RNWWST1"=[1]OUT_PrimaryEnergyCons!$A$1:$A$1000)*1,[1]OUT_PrimaryEnergyCons!F$1:F$1000)} -> 35.103011 | I10: {=SUMPRODUCT(("RNWWST1"=[1]OUT_PrimaryEnergyCons!$A$1:$A$1000)*1,[1]OUT_PrimaryEnergyCons!G$1:G$1000)} -> 37.238307 | J10: {=SUMPRODUCT(("RNWWST1"=[2]OUT_PrimaryEnergyCons!$A$1:$A$1000)*1,[2]OUT_PrimaryEnergyCons!H$1:H$1000)} -> 37.333506 | K10: {=SUMPRODUCT(("RNWWST1"=[2]OUT_PrimaryEnergyCons!$A$1:$A$1000)*1,[2]OUT_PrimaryEnergyCons!I$1:I$1000)} -> 41.113208 | L10: {=SUMPRODUCT(("RNWWST1"=[2]OUT_PrimaryEnergyCons!$A$1:$A$1000)*1,[2]OUT_PrimaryEnergyCons!J$1:J$1000)} -> 44.606347
A11: =A10 -> STEM | B11: =B10 -> SPS1 | C11: =C10 -> CH | D11: Primary Production|Manure | E11: PJ/yr. | F11: {=SUMPRODUCT(("mnr"=[1]OUT_PrimaryEnergyCons!$C$1:$C$1000)*1,[1]OUT_PrimaryEnergyCons!D$1:D$1000)} -> 3.7982919 | G11: {=SUMPRODUCT(("mnr"=[1]OUT_PrimaryEnergyCons!$C$1:$C$1000)*1,[1]OUT_PrimaryEnergyCons!E$1:E$1000)} -> 12.540359 | H11: {=SUMPRODUCT(("mnr"=[1]OUT_PrimaryEnergyCons!$C$1:$C$1000)*1,[1]OUT_PrimaryEnergyCons!F$1:F$1000)} -> 12.540421 | I11: {=SUMPRODUCT(("mnr"=[1]OUT_PrimaryEnergyCons!$C$1:$C$1000)*1,[1]OUT_PrimaryEnergyCons!G$1:G$1000)} -> 12.540431 | J11: {=SUMPRODUCT(("mnr"=[2]OUT_PrimaryEnergyCons!$C$1:$C$1000)*1,[2]OUT_PrimaryEnergyCons!H$1:H$1000)} -> 12.540435 | K11: {=SUMPRODUCT(("mnr"=[2]OUT_PrimaryEnergyCons!$C$1:$C$1000)*1,[2]OUT_PrimaryEnergyCons!I$1:I$1000)} -> 17.360281 | L11: {=SUMPRODUCT(("mnr"=[2]OUT_PrimaryEnergyCons!$C$1:$C$1000)*1,[2]OUT_PrimaryEnergyCons!J$1:J$1000)} -> 17.744662
A12: =A11 -> STEM | B12: =B11 -> SPS1 | C12: =C11 -> CH | D12: Primary Production|Hydro | E12: PJ/yr. | F12: =SUM(F13:F15) -> 149.43061 | G12: =SUM(G13:G15) -> 125.65125 | H12: =SUM(H13:H15) -> 137.72924 | I12: =SUM(I13:I15) -> 191.68915 | J12: =SUM(J13:J15) -> 152.56444 | K12: =SUM(K13:K15) -> 155.20996 | L12: =SUM(L13:L15) -> 159.32923
A13: =A12 -> STEM | B13: =B12 -> SPS1 | C13: =C12 -> CH | D13: Primary Production|Hydro|Large hydro | E13: PJ/yr. | F13: {=SUMPRODUCT(ISNUMBER(SEARCH("EHYD-DAM",[1]OUT_Electricity_CHP!$B$1:$B$10000))*1,([1]OUT_Electricity_CHP!$C$1:$C$10000="Var_Fout")*1,ISNUMBER(SEARCH("ELC",[1]OUT_Electricity_CHP!$D$1:$D$10000))*1,[1]OUT_Electricity_CHP!E$1:E$10000)} -> 66.745682 | G13: {=SUMPRODUCT(ISNUMBER(SEARCH("EHYD-DAM",[1]OUT_Electricity_CHP!$B$1:$B$10000))*1,([1]OUT_Electricity_CHP!$C$1:$C$10000="Var_Fout")*1,ISNUMBER(SEARCH("ELC",[1]OUT_Electricity_CHP!$D$1:$D$10000))*1,[1]OUT_Electricity_CHP!F$1:F$10000)} -> 49.798778 | H13: {=SUMPRODUCT(ISNUMBER(SEARCH("EHYD-DAM",[1]OUT_Electricity_CHP!$B$1:$B$10000))*1,([1]OUT_Electricity_CHP!$C$1:$C$10000="Var_Fout")*1,ISNUMBER(SEARCH("ELC",[1]OUT_Electricity_CHP!$D$1:$D$10000))*1,[1]OUT_Electricity_CHP!G$1:G$10000)} -> 68.970401 | I13: {=SUMPRODUCT(ISNUMBER(SEARCH("EHYD-DAM",[1]OUT_Electricity_CHP!$B$1:$B$10000))*1,([1]OUT_Electricity_CHP!$C$1:$C$10000="Var_Fout")*1,ISNUMBER(SEARCH("ELC",[1]OUT_Electricity_CHP!$D$1:$D$10000))*1,[1]OUT_Electricity_CHP!H$1:H$10000)} -> 70.970232 | J13: {=SUMPRODUCT(ISNUMBER(SEARCH("EHYD-DAM",[2]OUT_Electricity_CHP!$B$1:$B$10000))*1,([2]OUT_Electricity_CHP!$C$1:$C$10000="Var_Fout")*1,ISNUMBER(SEARCH("ELC",[2]OUT_Electricity_CHP!$D$1:$D$10000))*1,[2]OUT_Electricity_CHP!I$1:I$10000)} -> 72.616242 | K13: {=SUMPRODUCT(ISNUMBER(SEARCH("EHYD-DAM",[2]OUT_Electricity_CHP!$B$1:$B$10000))*1,([2]OUT_Electricity_CHP!$C$1:$C$10000="Var_Fout")*1,ISNUMBER(SEARCH("ELC",[2]OUT_Electricity_CHP!$D$1:$D$10000))*1,[2]OUT_Electricity_CHP!J$1:J$10000)} -> 73.931685 | L13: {=SUMPRODUCT(ISNUMBER(SEARCH("EHYD-DAM",[2]OUT_Electricity_CHP!$B$1:$B$10000))*1,([2]OUT_Electricity_CHP!$C$1:$C$10000="Var_Fout")*1,ISNUMBER(SEARCH("ELC",[2]OUT_Electricity_CHP!$D$1:$D$10000))*1,[2]OUT_Electricity_CHP!K$1:K$10000)} -> 74.83606
A14: =A13 -> STEM | B14: =B13 -> SPS1 | C14: =C13 -> CH | D14: Primary Production|Hydro|Run-of-river hydro | E14: PJ/yr. | F14: {=SUMPRODUCT(ISNUMBER(SEARCH("EHYD-RUN",[1]OUT_Electricity_CHP!$B$1:$B$10000))*1,([1]OUT_Electricity_CHP!$C$1:$C$10000="Var_Fout")*1,ISNUMBER(SEARCH("ELC",[1]OUT_Electricity_CHP!$D$1:$D$10000))*1,[1]OUT_Electricity_CHP!E$1:E$10000)} -> 66.632431 | G14: {=SUMPRODUCT(ISNUMBER(SEARCH("EHYD-RUN",[1]OUT_Electricity_CHP!$B$1:$B$10000))*1,([1]OUT_Electricity_CHP!$C$1:$C$10000="Var_Fout")*1,ISNUMBER(SEARCH("ELC",[1]OUT_Electricity_CHP!$D$1:$D$10000))*1,[1]OUT_Electricity_CHP!F$1:F$10000)} -> 55.764056 | H14: {=SUMPRODUCT(ISNUMBER(SEARCH("EHYD-RUN",[1]OUT_Electricity_CHP!$B$1:$B$10000))*1,([1]OUT_Electricity_CHP!$C$1:$C$10000="Var_Fout")*1,ISNUMBER(SEARCH("ELC",[1]OUT_Electricity_CHP!$D$1:$D$10000))*1,[1]OUT_Electricity_CHP!G$1:G$10000)} -> 65.677218 | I14: {=SUMPRODUCT(ISNUMBER(SEARCH("EHYD-RUN",[1]OUT_Electricity_CHP!$B$1:$B$10000))*1,([1]OUT_Electricity_CHP!$C$1:$C$10000="Var_Fout")*1,ISNUMBER(SEARCH("ELC",[1]OUT_Electricity_CHP!$D$1:$D$10000))*1,[1]OUT_Electricity_CHP!H$1:H$10000)} -> 64.85374 | J14: {=SUMPRODUCT(ISNUMBER(SEARCH("EHYD-RUN",[2]OUT_Electricity_CHP!$B$1:$B$10000))*1,([2]OUT_Electricity_CHP!$C$1:$C$10000="Var_Fout")*1,ISNUMBER(SEARCH("ELC",[2]OUT_Electricity_CHP!$D$1:$D$10000))*1,[2]OUT_Electricity_CHP!I$1:I$10000)} -> 63.87016 | K14: {=SUMPRODUCT(ISNUMBER(SEARCH("EHYD-RUN",[2]OUT_Electricity_CHP!$B$1:$B$10000))*1,([2]OUT_Electricity_CHP!$C$1:$C$10000="Var_Fout")*1,ISNUMBER(SEARCH("ELC",[2]OUT_Electricity_CHP!$D$1:$D$10000))*1,[2]OUT_Electricity_CHP!J$1:J$10000)} -> 64.382938 | L14: {=SUMPRODUCT(ISNUMBER(SEARCH("EHYD-RUN",[2]OUT_Electricity_CHP!$B$1:$B$10000))*1,([2]OUT_Electricity_CHP!$C$1:$C$10000="Var_Fout")*1,ISNUMBER(SEARCH("ELC",[2]OUT_Electricity_CHP!$D$1:$D$10000))*1,[2]OUT_Electricity_CHP!K$1:K$10000)} -> 67.134977
A15: =A14 -> STEM | B15: =B14 -> SPS1 | C15: =C14 -> CH | D15: Primary Production|Hydro|Pump storage | E15: PJ/yr. | F15: {=SUMPRODUCT(ISNUMBER(SEARCH("EHYD-PUM",[1]OUT_Electricity_CHP!$B$1:$B$10000))*1,([1]OUT_Electricity_CHP!$C$1:$C$10000="Var_Fin")*1,ISNUMBER(SEARCH("elc",[1]OUT_Electricity_CHP!$D$1:$D$10000))*1,[1]OUT_Electricity_CHP!E$1:E$10000)} -> 16.052497 | G15: {=SUMPRODUCT(ISNUMBER(SEARCH("EHYD-PUM",[1]OUT_Electricity_CHP!$B$1:$B$10000))*1,([1]OUT_Electricity_CHP!$C$1:$C$10000="Var_Fin")*1,ISNUMBER(SEARCH("elc",[1]OUT_Electricity_CHP!$D$1:$D$10000))*1,[1]OUT_Electricity_CHP!F$1:F$10000)} -> 20.088412 | H15: {=SUMPRODUCT(ISNUMBER(SEARCH("EHYD-PUM",[1]OUT_Electricity_CHP!$B$1:$B$10000))*1,([1]OUT_Electricity_CHP!$C$1:$C$10000="Var_Fin")*1,ISNUMBER(SEARCH("elc",[1]OUT_Electricity_CHP!$D$1:$D$10000))*1,[1]OUT_Electricity_CHP!G$1:G$10000)} -> 3.0816247 | I15: {=SUMPRODUCT(ISNUMBER(SEARCH("EHYD-PUM",[1]OUT_Electricity_CHP!$B$1:$B$10000))*1,([1]OUT_Electricity_CHP!$C$1:$C$10000="Var_Fin")*1,ISNUMBER(SEARCH("elc",[1]OUT_Electricity_CHP!$D$1:$D$10000))*1,[1]OUT_Electricity_CHP!H$1:H$10000)} -> 55.865175 | J15: {=SUMPRODUCT(ISNUMBER(SEARCH("EHYD-PUM",[2]OUT_Electricity_CHP!$B$1:$B$10000))*1,([2]OUT_Electricity_CHP!$C$1:$C$10000="Var_Fin")*1,ISNUMBER(SEARCH("elc",[2]OUT_Electricity_CHP!$D$1:$D$10000))*1,[2]OUT_Electricity_CHP!I$1:I$10000)} -> 16.078041 | K15: {=SUMPRODUCT(ISNUMBER(SEARCH("EHYD-PUM",[2]OUT_Electricity_CHP!$B$1:$B$10000))*1,([2]OUT_Electricity_CHP!$C$1:$C$10000="Var_Fin")*1,ISNUMBER(SEARCH("elc",[2]OUT_Electricity_CHP!$D$1:$D$10000))*1,[2]OUT_Electricity_CHP!J$1:J$10000)} -> 16.895332 | L15: {=SUMPRODUCT(ISNUMBER(SEARCH("EHYD-PUM",[2]OUT_Electricity_CHP!$B$1:$B$10000))*1,([2]OUT_Electricity_CHP!$C$1:$C$10000="Var_Fin")*1,ISNUMBER(SEARCH("elc",[2]OUT_Electricity_CHP!$D$1:$D$10000))*1,[2]OUT_Electricity_CHP!K$1:K$10000)} -> 17.358196
A16: =A15 -> STEM | B16: =B15 -> SPS1 | C16: =C15 -> CH | D16: Primary Production|Solar | E16: PJ/yr. | F16: {=SUMPRODUCT(ISNUMBER(SEARCH("SOL",[1]OUT_PrimaryEnergyCons!$C$1:$C$1000))*1,[1]OUT_PrimaryEnergyCons!D$1:D$1000)} -> 12.557136 | G16: {=SUMPRODUCT(ISNUMBER(SEARCH("SOL",[1]OUT_PrimaryEnergyCons!$C$1:$C$1000))*1,[1]OUT_PrimaryEnergyCons!E$1:E$1000)} -> 16.525178 | H16: {=SUMPRODUCT(ISNUMBER(SEARCH("SOL",[1]OUT_PrimaryEnergyCons!$C$1:$C$1000))*1,[1]OUT_PrimaryEnergyCons!F$1:F$1000)} -> 30.421479 | I16: {=SUMPRODUCT(ISNUMBER(SEARCH("SOL",[1]OUT_PrimaryEnergyCons!$C$1:$C$1000))*1,[1]OUT_PrimaryEnergyCons!G$1:G$1000)} -> 56.344573 | J16: {=SUMPRODUCT(ISNUMBER(SEARCH("SOL",[2]OUT_PrimaryEnergyCons!$C$1:$C$1000))*1,[2]OUT_PrimaryEnergyCons!H$1:H$1000)} -> 62.131191 | K16: {=SUMPRODUCT(ISNUMBER(SEARCH("SOL",[2]OUT_PrimaryEnergyCons!$C$1:$C$1000))*1,[2]OUT_PrimaryEnergyCons!I$1:I$1000)} -> 133.16153 | L16: {=SUMPRODUCT(ISNUMBER(SEARCH("SOL",[2]OUT_PrimaryEnergyCons!$C$1:$C$1000))*1,[2]OUT_PrimaryEnergyCons!J$1:J$1000)} -> 151.38101
A17: =A16 -> STEM | B17: =B16 -> SPS1 | C17: =C16 -> CH | D17: Primary Production|Wind | E17: PJ/yr. | F17: {=SUMPRODUCT(ISNUMBER(SEARCH("wnd",[1]OUT_PrimaryEnergyCons!$C$1:$C$1000))*1,[1]OUT_PrimaryEnergyCons!D$1:D$1000)} -> 0.52448854 | G17: {=SUMPRODUCT(ISNUMBER(SEARCH("wnd",[1]OUT_PrimaryEnergyCons!$C$1:$C$1000))*1,[1]OUT_PrimaryEnergyCons!E$1:E$1000)} -> 0.54536872 | H17: {=SUMPRODUCT(ISNUMBER(SEARCH("wnd",[1]OUT_PrimaryEnergyCons!$C$1:$C$1000))*1,[1]OUT_PrimaryEnergyCons!F$1:F$1000)} -> 0.50324133 | I17: {=SUMPRODUCT(ISNUMBER(SEARCH("wnd",[1]OUT_PrimaryEnergyCons!$C$1:$C$1000))*1,[1]OUT_PrimaryEnergyCons!G$1:G$1000)} -> 2.0507563 | J17: {=SUMPRODUCT(ISNUMBER(SEARCH("wnd",[2]OUT_PrimaryEnergyCons!$C$1:$C$1000))*1,[2]OUT_PrimaryEnergyCons!H$1:H$1000)} -> 3.6359648 | K17: {=SUMPRODUCT(ISNUMBER(SEARCH("wnd",[2]OUT_PrimaryEnergyCons!$C$1:$C$1000))*1,[2]OUT_PrimaryEnergyCons!I$1:I$1000)} -> 7.1993893 | L17: {=SUMPRODUCT(ISNUMBER(SEARCH("wnd",[2]OUT_PrimaryEnergyCons!$C$1:$C$1000))*1,[2]OUT_PrimaryEnergyCons!J$1:J$1000)} -> 21.925723
A18: =A17 -> STEM | B18: =B17 -> SPS1 | C18: =C17 -> CH | D18: Primary Production|Ambient heat | E18: PJ/yr. | F18: =[1]Overview!B$9-F19 -> 18.87484 | G18: =[1]Overview!C$9-G19 -> 21.791946 | H18: =[1]Overview!D$9-H19 -> 32.398774 | I18: =[1]Overview!E$9-I19 -> 54.417428 | J18: =[2]Overview!F$9-J19 -> 68.771198 | K18: =[2]Overview!G$9-K19 -> 85.040109 | L18: =[2]Overview!H$9-L19 -> 96.212205
A19: =A18 -> STEM | B19: =B18 -> SPS1 | C19: =C18 -> CH | D19: Primary Production|Geothermal | E19: PJ/yr. | F19: =+[1]Overview!B$28 -> 0 | G19: =+[1]Overview!C$28 -> 0 | H19: =+[1]Overview!D$28 -> 0 | I19: =+[1]Overview!E$28 -> 0 | J19: =+[2]Overview!F$28 -> 0 | K19: =+[2]Overview!G$28 -> 0.32237037 | L19: =+[2]Overview!H$28 -> 9.0114427
A20: =A19 -> STEM | B20: =B19 -> SPS1 | C20: =C19 -> CH | D20: Imports | E20: PJ/yr. | F20: =SUM(F21:F22,F41,F50:F51,F56) -> 781.7773 | G20: =SUM(G21:G22,G41,G50:G51,G56) -> 700.48164 | H20: =SUM(H21:H22,H41,H50:H51,H56) -> 650.19265 | I20: =SUM(I21:I22,I41,I50:I51,I56) -> 500.05517 | J20: =SUM(J21:J22,J41,J50:J51,J56) -> 387.71149 | K20: =SUM(K21:K22,K41,K50:K51,K56) -> 211.04944 | L20: =SUM(L21:L22,L41,L50:L51,L56) -> 99.704599
A21: =A20 -> STEM | B21: =B20 -> SPS1 | C21: =C20 -> CH | D21: Imports|Coal | E21: PJ/yr. | F21: {=SUMPRODUCT(("COA"=[1]OUT_PrimaryEnergyCons!$C$4:$C$10000)*1,[1]OUT_PrimaryEnergyCons!D$4:D$10000)} -> 3.6601882 | G21: {=SUMPRODUCT(("COA"=[1]OUT_PrimaryEnergyCons!$C$4:$C$10000)*1,[1]OUT_PrimaryEnergyCons!E$4:E$10000)} -> 3.564766 | H21: {=SUMPRODUCT(("COA"=[1]OUT_PrimaryEnergyCons!$C$4:$C$10000)*1,[1]OUT_PrimaryEnergyCons!F$4:F$10000)} -> 0.15596099 | I21: {=SUMPRODUCT(("COA"=[1]OUT_PrimaryEnergyCons!$C$4:$C$10000)*1,[1]OUT_PrimaryEnergyCons!G$4:G$10000)} -> 0.0046208377 | J21: {=SUMPRODUCT(("COA"=[2]OUT_PrimaryEnergyCons!$C$4:$C$10000)*1,[2]OUT_PrimaryEnergyCons!H$4:H$10000)} -> 0.0061393082 | K21: {=SUMPRODUCT(("COA"=[2]OUT_PrimaryEnergyCons!$C$4:$C$10000)*1,[2]OUT_PrimaryEnergyCons!I$4:I$10000)} -> 0.00063677788 | L21: {=SUMPRODUCT(("COA"=[2]OUT_PrimaryEnergyCons!$C$4:$C$10000)*1,[2]OUT_PrimaryEnergyCons!J$4:J$10000)} -> 5.0459878e-06
A22: =A21 -> STEM | B22: =B21 -> SPS1 | C22: =C21 -> CH | D22: Imports|Oil | E22: PJ/yr. | F22: =F23+F29 -> 311.19204 | G22: =G23+G29 -> 286.59565 | H22: =H23+H29 -> 260.17312 | I22: =I23+I29 -> 158.41677 | J22: =J23+J29 -> 108.66556 | K22: =K23+K29 -> 70.811768 | L22: =L23+L29 -> 80.695044
A23: =A22 -> STEM | B23: =B22 -> SPS1 | C23: =C22 -> CH | D23: Imports|Oil|Fossil liquids | E23: PJ/yr. | F23: =SUM(F24:F28) -> 305.33109 | G23: =SUM(G24:G28) -> 280.7365 | H23: =SUM(H24:H28) -> 254.31385 | I23: =SUM(I24:I28) -> 148.06345 | J23: =SUM(J24:J28) -> 87.417037 | K23: =SUM(K24:K28) -> 38.122933 | L23: =SUM(L24:L28) -> 0
A24: =A22 -> STEM | B24: =B22 -> SPS1 | C24: =C22 -> CH | D24: Imports|Oil|Fossil liquids|Light fuel oil | E24: PJ/yr. | F24: {=SUMPRODUCT(("LFO"=[1]OUT_PrimaryEnergyCons!$C$4:$C$10000)*1,[1]OUT_PrimaryEnergyCons!D$4:D$10000)} -> 102.14686 | G24: {=SUMPRODUCT(("LFO"=[1]OUT_PrimaryEnergyCons!$C$4:$C$10000)*1,[1]OUT_PrimaryEnergyCons!E$4:E$10000)} -> 88.23263 | H24: {=SUMPRODUCT(("LFO"=[1]OUT_PrimaryEnergyCons!$C$4:$C$10000)*1,[1]OUT_PrimaryEnergyCons!F$4:F$10000)} -> 86.025824 | I24: {=SUMPRODUCT(("LFO"=[1]OUT_PrimaryEnergyCons!$C$4:$C$10000)*1,[1]OUT_PrimaryEnergyCons!G$4:G$10000)} -> 47.723315 | J24: {=SUMPRODUCT(("LFO"=[2]OUT_PrimaryEnergyCons!$C$4:$C$10000)*1,[2]OUT_PrimaryEnergyCons!H$4:H$10000)} -> 34.693069 | K24: {=SUMPRODUCT(("LFO"=[2]OUT_PrimaryEnergyCons!$C$4:$C$10000)*1,[2]OUT_PrimaryEnergyCons!I$4:I$10000)} -> 16.729773 | L24: {=SUMPRODUCT(("LFO"=[2]OUT_PrimaryEnergyCons!$C$4:$C$10000)*1,[2]OUT_PrimaryEnergyCons!J$4:J$10000)} -> 0
A25: =A24 -> STEM | B25: =B24 -> SPS1 | C25: =C24 -> CH | D25: Imports|Oil|Fossil liquids|Heavy fuel oil | E25: PJ/yr. | F25: {=SUMPRODUCT(("HFO"=[1]OUT_PrimaryEnergyCons!$C$4:$C$10000)*1,[1]OUT_PrimaryEnergyCons!D$4:D$10000)} -> 2.7765248 | G25: {=SUMPRODUCT(("HFO"=[1]OUT_PrimaryEnergyCons!$C$4:$C$10000)*1,[1]OUT_PrimaryEnergyCons!E$4:E$10000)} -> 2.7643674 | H25: {=SUMPRODUCT(("HFO"=[1]OUT_PrimaryEnergyCons!$C$4:$C$10000)*1,[1]OUT_PrimaryEnergyCons!F$4:F$10000)} -> 0.048276247 | I25: {=SUMPRODUCT(("HFO"=[1]OUT_PrimaryEnergyCons!$C$4:$C$10000)*1,[1]OUT_PrimaryEnergyCons!G$4:G$10000)} -> 0.004621587 | J25: {=SUMPRODUCT(("HFO"=[2]OUT_PrimaryEnergyCons!$C$4:$C$10000)*1,[2]OUT_PrimaryEnergyCons!H$4:H$10000)} -> 0.0094990657 | K25: {=SUMPRODUCT(("HFO"=[2]OUT_PrimaryEnergyCons!$C$4:$C$10000)*1,[2]OUT_PrimaryEnergyCons!I$4:I$10000)} -> 0.00063857632 | L25: {=SUMPRODUCT(("HFO"=[2]OUT_PrimaryEnergyCons!$C$4:$C$10000)*1,[2]OUT_PrimaryEnergyCons!J$4:J$10000)} -> 0
A26: =A25 -> STEM | B26: =B25 -> SPS1 | C26: =C25 -> CH | D26: Imports|Oil|Fossil liquids|Motor Diesel | E26: PJ/yr. | F26: {=SUMPRODUCT(("DSL"=[1]OUT_PrimaryEnergyCons!$C$4:$C$10000)*1,[1]OUT_PrimaryEnergyCons!D$4:D$10000)} -> 121.89425 | G26: {=SUMPRODUCT(("DSL"=[1]OUT_PrimaryEnergyCons!$C$4:$C$10000)*1,[1]OUT_PrimaryEnergyCons!E$4:E$10000)} -> 112.68575 | H26: {=SUMPRODUCT(("DSL"=[1]OUT_PrimaryEnergyCons!$C$4:$C$10000)*1,[1]OUT_PrimaryEnergyCons!F$4:F$10000)} -> 95.482327 | I26: {=SUMPRODUCT(("DSL"=[1]OUT_PrimaryEnergyCons!$C$4:$C$10000)*1,[1]OUT_PrimaryEnergyCons!G$4:G$10000)} -> 56.806865 | J26: {=SUMPRODUCT(("DSL"=[2]OUT_PrimaryEnergyCons!$C$4:$C$10000)*1,[2]OUT_PrimaryEnergyCons!H$4:H$10000)} -> 33.347458 | K26: {=SUMPRODUCT(("DSL"=[2]OUT_PrimaryEnergyCons!$C$4:$C$10000)*1,[2]OUT_PrimaryEnergyCons!I$4:I$10000)} -> 16.520789 | L26: {=SUMPRODUCT(("DSL"=[2]OUT_PrimaryEnergyCons!$C$4:$C$10000)*1,[2]OUT_PrimaryEnergyCons!J$4:J$10000)} -> 0
A27: =A26 -> STEM | B27: =B26 -> SPS1 | C27: =C26 -> CH | D27: Imports|Oil|Fossil liquids|Motor Gasoline | E27: PJ/yr. | F27: {=SUMPRODUCT(("GSL"=[1]OUT_PrimaryEnergyCons!$C$4:$C$10000)*1,[1]OUT_PrimaryEnergyCons!D$4:D$10000)} -> 77.404074 | G27: {=SUMPRODUCT(("GSL"=[1]OUT_PrimaryEnergyCons!$C$4:$C$10000)*1,[1]OUT_PrimaryEnergyCons!E$4:E$10000)} -> 75.649647 | H27: {=SUMPRODUCT(("GSL"=[1]OUT_PrimaryEnergyCons!$C$4:$C$10000)*1,[1]OUT_PrimaryEnergyCons!F$4:F$10000)} -> 70.929146 | I27: {=SUMPRODUCT(("GSL"=[1]OUT_PrimaryEnergyCons!$C$4:$C$10000)*1,[1]OUT_PrimaryEnergyCons!G$4:G$10000)} -> 41.082883 | J27: {=SUMPRODUCT(("GSL"=[2]OUT_PrimaryEnergyCons!$C$4:$C$10000)*1,[2]OUT_PrimaryEnergyCons!H$4:H$10000)} -> 16.782935 | K27: {=SUMPRODUCT(("GSL"=[2]OUT_PrimaryEnergyCons!$C$4:$C$10000)*1,[2]OUT_PrimaryEnergyCons!I$4:I$10000)} -> 2.7234077 | L27: {=SUMPRODUCT(("GSL"=[2]OUT_PrimaryEnergyCons!$C$4:$C$10000)*1,[2]OUT_PrimaryEnergyCons!J$4:J$10000)} -> 0
A28: =A27 -> STEM | B28: =B27 -> SPS1 | C28: =C27 -> CH | D28: Imports|Oil|Fossil liquids|Kerosene (excl. international aviation) | E28: PJ/yr. | F28: {=SUMPRODUCT(("KER"=[1]OUT_PrimaryEnergyCons!$C$4:$C$10000)*1,[1]OUT_PrimaryEnergyCons!D$4:D$10000)} -> 1.1093794 | G28: {=SUMPRODUCT(("KER"=[1]OUT_PrimaryEnergyCons!$C$4:$C$10000)*1,[1]OUT_PrimaryEnergyCons!E$4:E$10000)} -> 1.4041021 | H28: {=SUMPRODUCT(("KER"=[1]OUT_PrimaryEnergyCons!$C$4:$C$10000)*1,[1]OUT_PrimaryEnergyCons!F$4:F$10000)} -> 1.8282779 | I28: {=SUMPRODUCT(("KER"=[1]OUT_PrimaryEnergyCons!$C$4:$C$10000)*1,[1]OUT_PrimaryEnergyCons!G$4:G$10000)} -> 2.4457699 | J28: {=SUMPRODUCT(("KER"=[2]OUT_PrimaryEnergyCons!$C$4:$C$10000)*1,[2]OUT_PrimaryEnergyCons!H$4:H$10000)} -> 2.5840771 | K28: {=SUMPRODUCT(("KER"=[2]OUT_PrimaryEnergyCons!$C$4:$C$10000)*1,[2]OUT_PrimaryEnergyCons!I$4:I$10000)} -> 2.1483244 | L28: {=SUMPRODUCT(("KER"=[2]OUT_PrimaryEnergyCons!$C$4:$C$10000)*1,[2]OUT_PrimaryEnergyCons!J$4:J$10000)} -> 0
A29: =A50 -> STEM | B29: =B50 -> SPS1 | C29: =C50 -> CH | D29: Imports|Oil|Synthetic liquids | E29: PJ/yr. | F29: =SUM(F30:F32) -> 5.8609506 | G29: =SUM(G30:G32) -> 5.8591561 | H29: =SUM(H30:H32) -> 5.8592666 | I29: =SUM(I30:I32) -> 10.353313 | J29: =SUM(J30:J32) -> 21.248525 | K29: =SUM(K30:K32) -> 32.688834 | L29: =SUM(L30:L32) -> 80.695044
A30: =A37 -> STEM | B30: =B37 -> SPS1 | C30: =C37 -> CH | D30: Imports|Oil|Synthetic liquids|Total|Motor diesel | E30: PJ/yr. | F30: {=SUMPRODUCT(ISNUMBER(SEARCH("IMPBDS",[1]OUT_SyntheticFuels!$C$4:$C$1000))*1,("Var_Fout"=[1]OUT_SyntheticFuels!$B$4:$B$1000)*1,[1]OUT_SyntheticFuels!E$4:E$1000)-F32} -> 2.8760569 | G30: {=SUMPRODUCT(ISNUMBER(SEARCH("IMPBDS",[1]OUT_SyntheticFuels!$C$4:$C$1000))*1,("Var_Fout"=[1]OUT_SyntheticFuels!$B$4:$B$1000)*1,[1]OUT_SyntheticFuels!F$4:F$1000)-G32} -> 1.8135911 | H30: {=SUMPRODUCT(ISNUMBER(SEARCH("IMPBDS",[1]OUT_SyntheticFuels!$C$4:$C$1000))*1,("Var_Fout"=[1]OUT_SyntheticFuels!$B$4:$B$1000)*1,[1]OUT_SyntheticFuels!G$4:G$1000)-H32} -> 3.2681377 | I30: {=SUMPRODUCT(ISNUMBER(SEARCH("IMPBDS",[1]OUT_SyntheticFuels!$C$4:$C$1000))*1,("Var_Fout"=[1]OUT_SyntheticFuels!$B$4:$B$1000)*1,[1]OUT_SyntheticFuels!H$4:H$1000)-I32} -> 3.2465039 | J30: {=SUMPRODUCT(ISNUMBER(SEARCH("IMPBDS",[2]OUT_SyntheticFuels!$C$4:$C$1000))*1,("Var_Fout"=[2]OUT_SyntheticFuels!$B$4:$B$1000)*1,[2]OUT_SyntheticFuels!I$4:I$1000)-J32} -> 3.2602007 | K30: {=SUMPRODUCT(ISNUMBER(SEARCH("IMPBDS",[2]OUT_SyntheticFuels!$C$4:$C$1000))*1,("Var_Fout"=[2]OUT_SyntheticFuels!$B$4:$B$1000)*1,[2]OUT_SyntheticFuels!J$4:J$1000)-K32} -> 3.1971351 | L30: {=SUMPRODUCT(ISNUMBER(SEARCH("IMPBDS",[2]OUT_SyntheticFuels!$C$4:$C$1000))*1,("Var_Fout"=[2]OUT_SyntheticFuels!$B$4:$B$1000)*1,[2]OUT_SyntheticFuels!K$4:K$1000)-L32} -> 4.0672737
A31: =A30 -> STEM | B31: =B30 -> SPS1 | C31: =C30 -> CH | D31: Imports|Oil|Synthetic liquids|Total|Motor Gasoline | E31: PJ/yr. | F31: {=SUMPRODUCT(ISNUMBER(SEARCH("IMPeth",[1]OUT_SyntheticFuels!$C$4:$C$1000))*1,("Var_Fout"=[1]OUT_SyntheticFuels!$B$4:$B$1000)*1,[1]OUT_SyntheticFuels!E$4:E$1000)} -> 2.9848618 | G31: {=SUMPRODUCT(ISNUMBER(SEARCH("IMPeth",[1]OUT_SyntheticFuels!$C$4:$C$1000))*1,("Var_Fout"=[1]OUT_SyntheticFuels!$B$4:$B$1000)*1,[1]OUT_SyntheticFuels!F$4:F$1000)} -> 4.0443988 | H31: {=SUMPRODUCT(ISNUMBER(SEARCH("IMPeth",[1]OUT_SyntheticFuels!$C$4:$C$1000))*1,("Var_Fout"=[1]OUT_SyntheticFuels!$B$4:$B$1000)*1,[1]OUT_SyntheticFuels!G$4:G$1000)} -> 2.5707393 | I31: {=SUMPRODUCT(ISNUMBER(SEARCH("IMPeth",[1]OUT_SyntheticFuels!$C$4:$C$1000))*1,("Var_Fout"=[1]OUT_SyntheticFuels!$B$4:$B$1000)*1,[1]OUT_SyntheticFuels!H$4:H$1000)} -> 1.955005 | J31: {=SUMPRODUCT(ISNUMBER(SEARCH("IMPeth",[2]OUT_SyntheticFuels!$C$4:$C$1000))*1,("Var_Fout"=[2]OUT_SyntheticFuels!$B$4:$B$1000)*1,[2]OUT_SyntheticFuels!I$4:I$1000)} -> 1.3267849 | K31: {=SUMPRODUCT(ISNUMBER(SEARCH("IMPeth",[2]OUT_SyntheticFuels!$C$4:$C$1000))*1,("Var_Fout"=[2]OUT_SyntheticFuels!$B$4:$B$1000)*1,[2]OUT_SyntheticFuels!J$4:J$1000)} -> 2.6614912 | L31: {=SUMPRODUCT(ISNUMBER(SEARCH("IMPeth",[2]OUT_SyntheticFuels!$C$4:$C$1000))*1,("Var_Fout"=[2]OUT_SyntheticFuels!$B$4:$B$1000)*1,[2]OUT_SyntheticFuels!K$4:K$1000)} -> 0.1082141
B32: =B31 -> SPS1 | C32: =C31 -> CH | D32: Imports|Oil|Synthetic liquids|Total|Kerosene | E32: PJ/yr. | F32: =SUM([1]Transport_Aviation_Intl!B$12,[1]Transport!B$28) -> 3.183688e-05 | G32: =SUM([1]Transport_Aviation_Intl!C$12,[1]Transport!C$28) -> 0.0011661261 | H32: =SUM([1]Transport_Aviation_Intl!D$12,[1]Transport!D$28) -> 0.020389632 | I32: =SUM([1]Transport_Aviation_Intl!E$12,[1]Transport!E$28) -> 5.1518037 | J32: =SUM([2]Transport_Aviation_Intl!F$12,[2]Transport!F$28) -> 16.661539 | K32: =SUM([2]Transport_Aviation_Intl!G$12,[2]Transport!G$28) -> 26.830208 | L32: =SUM([2]Transport_Aviation_Intl!H$12,[2]Transport!H$28) -> 76.519556
A33: =A29 -> STEM | B33: =B29 -> SPS1 | C33: =C29 -> CH | D33: Imports|Oil|Synthetic liquids|Bioliquids|Total | E33: PJ/yr. | F33: =SUM(F34:F36) -> 5.8609506 | G33: =SUM(G34:G36) -> 5.8591561 | H33: =SUM(H34:H36) -> 5.8592666 | I33: =SUM(I34:I36) -> 10.353313 | J33: =SUM(J34:J36) -> 9.7387892 | K33: =SUM(K34:K36) -> 22.520165 | L33: =SUM(L34:L36) -> 30.20656
A34: =A31 -> STEM | B34: =B31 -> SPS1 | C34: =C31 -> CH | D34: Imports|Oil|Synthetic liquids|Bioliquids|Biodiesel | E34: PJ/yr. | F34: =F30 -> 2.8760569 | G34: =G30 -> 1.8135911 | H34: =H30 -> 3.2681377 | I34: =I30 -> 3.2465039 | J34: =IF(J30-MAX(F30:I30)<0,J30,MAX(F30:I30)) -> 3.2602007 | K34: =IF(K30-MAX(F30:J30)<0,K30,MAX(F30:J30)) -> 3.1971351 | L34: =IF(L30-MAX(G30:K30)<0,L30,MAX(G30:K30)) -> 3.2681377
A35: =A34 -> STEM | B35: =B34 -> SPS1 | C35: =C34 -> CH | D35: Imports|Oil|Synthetic liquids|Bioliquids|Ethanol | E35: PJ/yr. | F35: =F31 -> 2.9848618 | G35: =G31 -> 4.0443988 | H35: =H31 -> 2.5707393 | I35: =I31 -> 1.955005 | J35: =IF(J31-MAX(F31:I31)<0,J31,MAX(F31:I31)) -> 1.3267849 | K35: =IF(K31-MAX(F31:J31)<0,K31,MAX(F31:J31)) -> 2.6614912 | L35: =IF(L31-MAX(G31:K31)<0,L31,MAX(G31:K31)) -> 0.1082141
B36: =B35 -> SPS1 | C36: =C35 -> CH | D36: Imports|Oil|Synthetic liquids|Bioliquids|Biokerosene | E36: PJ/yr. | F36: =SUM([1]Transport!B$28,[1]Transport_Aviation_Intl!B$12) -> 3.183688e-05 | G36: =SUM([1]Transport!C$28,[1]Transport_Aviation_Intl!C$12) -> 0.0011661261 | H36: =SUM([1]Transport!D$28,[1]Transport_Aviation_Intl!D$12) -> 0.020389632 | I36: =SUM([1]Transport!E$28,[1]Transport_Aviation_Intl!E$12) -> 5.1518037 | J36: =IF(J32-MAX(F32:I32)<0,J32,MAX(F32:I32)) -> 5.1518037 | K36: =IF(K32-MAX(G32:J32)<0,K32,MAX(G32:J32)) -> 16.661539 | L36: =IF(L32-MAX(H32:K32)<0,L32,MAX(H32:K32)) -> 26.830208
A37: =A33 -> STEM | B37: =B33 -> SPS1 | C37: =C33 -> CH | D37: Imports|Oil|Synthetic liquids|PtL|Total | E37: PJ/yr. | F37: =SUM(F38:F40) -> 0 | G37: =SUM(G38:G40) -> 0 | H37: =SUM(H38:H40) -> 0 | I37: =SUM(I38:I40) -> 0 | J37: =SUM(J38:J40) -> 11.509736 | K37: =SUM(K38:K40) -> 10.168669 | L37: =SUM(L38:L40) -> 50.488484
A38: =A35 -> STEM | B38: =B35 -> SPS1 | C38: =C35 -> CH | D38: Imports|Oil|Synthetic liquids|PtL|PtL Diesel | E38: PJ/yr. | F38: 0 | G38: 0 | H38: 0 | I38: 0 | J38: =J30-J34 -> 0 | K38: =K30-K34 -> 0 | L38: =L30-L34 -> 0.79913599
A39: =A38 -> STEM | B39: =B38 -> SPS1 | C39: =C38 -> CH | D39: Imports|Oil|Synthetic liquids|PtL|PtL Gasoline | E39: PJ/yr. | F39: 0 | G39: 0 | H39: 0 | I39: 0 | J39: =J31-J35 -> 0 | K39: =K31-K35 -> 0 | L39: =L31-L35 -> 0
B40: =B39 -> SPS1 | C40: =C39 -> CH | D40: Imports|Oil|Synthetic liquids|PtL|PtL Kerosene | E40: PJ/yr. | F40: 0 | G40: 0 | H40: 0 | I40: 0 | J40: =J32-J36 -> 11.509736 | K40: =K32-K36 -> 10.168669 | L40: =L32-L36 -> 49.689348
A41: =A28 -> STEM | B41: =B28 -> SPS1 | C41: =C28 -> CH | D41: Imports|Gas | E41: PJ/yr. | F41: =F42+F45 -> 118.81619 | G41: =G42+G45 -> 106.7218 | H41: =H42+H45 -> 106.23084 | I41: =I42+I45 -> 79.110953 | J41: =J42+J45 -> 56.06644 | K41: =K42+K45 -> 15.870544 | L41: =L42+L45 -> 0.00095006785
A42: =A29 -> STEM | B42: =B29 -> SPS1 | C42: =C29 -> CH | D42: Imports|Gas|Fossil gases|Total | E42: PJ/yr. | F42: =F43+F44 -> 118.81619 | G42: =G43+G44 -> 106.72001 | H42: =H43+H44 -> 106.22917 | I42: =I43+I44 -> 78.58373 | J42: =J43+J44 -> 54.78812 | K42: =K43+K44 -> 15.864116 | L42: =L43+L44 -> 1.6347675e-05
A43: =A27 -> STEM | B43: =B27 -> SPS1 | C43: =C27 -> CH | D43: Imports|Gas|Fossil gases|Natural gas | E43: PJ/yr. | F43: {=SUMPRODUCT(("NGA"=[1]OUT_PrimaryEnergyCons!$C$4:$C$10000)*1,[1]OUT_PrimaryEnergyCons!D$4:D$10000)} -> 118.81619 | G43: {=SUMPRODUCT(("NGA"=[1]OUT_PrimaryEnergyCons!$C$4:$C$10000)*1,[1]OUT_PrimaryEnergyCons!E$4:E$10000)} -> 106.72001 | H43: {=SUMPRODUCT(("NGA"=[1]OUT_PrimaryEnergyCons!$C$4:$C$10000)*1,[1]OUT_PrimaryEnergyCons!F$4:F$10000)} -> 106.22917 | I43: {=SUMPRODUCT(("NGA"=[1]OUT_PrimaryEnergyCons!$C$4:$C$10000)*1,[1]OUT_PrimaryEnergyCons!G$4:G$10000)} -> 78.53999 | J43: {=SUMPRODUCT(("NGA"=[2]OUT_PrimaryEnergyCons!$C$4:$C$10000)*1,[2]OUT_PrimaryEnergyCons!H$4:H$10000)} -> 54.781632 | K43: {=SUMPRODUCT(("NGA"=[2]OUT_PrimaryEnergyCons!$C$4:$C$10000)*1,[2]OUT_PrimaryEnergyCons!I$4:I$10000)} -> 15.859416 | L43: {=SUMPRODUCT(("NGA"=[2]OUT_PrimaryEnergyCons!$C$4:$C$10000)*1,[2]OUT_PrimaryEnergyCons!J$4:J$10000)} -> 4.37669e-06
A44: =A43 -> STEM | B44: =B43 -> SPS1 | C44: =C43 -> CH | D44: Imports|Gas|Fossil gases|Liquified Natural Gas | E44: PJ/yr. | F44: {=SUMPRODUCT(("LNGA"=[1]OUT_PrimaryEnergyCons!$C$4:$C$10000)*1,[1]OUT_PrimaryEnergyCons!D$4:D$10000)} -> 0 | G44: {=SUMPRODUCT(("LNGA"=[1]OUT_PrimaryEnergyCons!$C$4:$C$10000)*1,[1]OUT_PrimaryEnergyCons!E$4:E$10000)} -> 0 | H44: {=SUMPRODUCT(("LNGA"=[1]OUT_PrimaryEnergyCons!$C$4:$C$10000)*1,[1]OUT_PrimaryEnergyCons!F$4:F$10000)} -> 0 | I44: {=SUMPRODUCT(("LNGA"=[1]OUT_PrimaryEnergyCons!$C$4:$C$10000)*1,[1]OUT_PrimaryEnergyCons!G$4:G$10000)} -> 0.043740512 | J44: {=SUMPRODUCT(("LNGA"=[2]OUT_PrimaryEnergyCons!$C$4:$C$10000)*1,[2]OUT_PrimaryEnergyCons!H$4:H$10000)} -> 0.0064884857 | K44: {=SUMPRODUCT(("LNGA"=[2]OUT_PrimaryEnergyCons!$C$4:$C$10000)*1,[2]OUT_PrimaryEnergyCons!I$4:I$10000)} -> 0.0047003797 | L44: {=SUMPRODUCT(("LNGA"=[2]OUT_PrimaryEnergyCons!$C$4:$C$10000)*1,[2]OUT_PrimaryEnergyCons!J$4:J$10000)} -> 1.1970985e-05
A45: =A39 -> STEM | B45: =B39 -> SPS1 | C45: =C39 -> CH | D45: Imports|Gas|Synthetic gases | E45: PJ/yr. | F45: {=SUMPRODUCT(("BIO"=[1]OUT_PrimaryEnergyCons!$C$4:$C$10000)*1+("LBIO"=[1]OUT_PrimaryEnergyCons!$C$4:$C$10000)*1,[1]OUT_PrimaryEnergyCons!D$4:D$10000)} -> 0 | G45: {=SUMPRODUCT(("BIO"=[1]OUT_PrimaryEnergyCons!$C$4:$C$10000)*1+("LBIO"=[1]OUT_PrimaryEnergyCons!$C$4:$C$10000)*1,[1]OUT_PrimaryEnergyCons!E$4:E$10000)} -> 0.0017812515 | H45: {=SUMPRODUCT(("BIO"=[1]OUT_PrimaryEnergyCons!$C$4:$C$10000)*1+("LBIO"=[1]OUT_PrimaryEnergyCons!$C$4:$C$10000)*1,[1]OUT_PrimaryEnergyCons!F$4:F$10000)} -> 0.0016722916 | I45: {=SUMPRODUCT(("BIO"=[1]OUT_PrimaryEnergyCons!$C$4:$C$10000)*1+("LBIO"=[1]OUT_PrimaryEnergyCons!$C$4:$C$10000)*1,[1]OUT_PrimaryEnergyCons!G$4:G$10000)} -> 0.52722289 | J45: {=SUMPRODUCT(("BIO"=[2]OUT_PrimaryEnergyCons!$C$4:$C$10000)*1+("LBIO"=[2]OUT_PrimaryEnergyCons!$C$4:$C$10000)*1,[2]OUT_PrimaryEnergyCons!H$4:H$10000)} -> 1.2783191 | K45: {=SUMPRODUCT(("BIO"=[2]OUT_PrimaryEnergyCons!$C$4:$C$10000)*1+("LBIO"=[2]OUT_PrimaryEnergyCons!$C$4:$C$10000)*1,[2]OUT_PrimaryEnergyCons!I$4:I$10000)} -> 0.0064282962 | L45: {=SUMPRODUCT(("BIO"=[2]OUT_PrimaryEnergyCons!$C$4:$C$10000)*1+("LBIO"=[2]OUT_PrimaryEnergyCons!$C$4:$C$10000)*1,[2]OUT_PrimaryEnergyCons!J$4:J$10000)} -> 0.00093372017
A46: =A45 -> STEM | B46: =B45 -> SPS1 | C46: =C45 -> CH | D46: Imports|Gas|Synthetic gases|Biogases | E46: PJ/yr. | F46: =F47 -> 0 | G46: =G47 -> 0.0017812515 | H46: =H47 -> 0.0016722916 | I46: =I47 -> 0.52722289 | J46: =J47 -> 0.52722289 | K46: =K47 -> 0.0064282962 | L46: =L47 -> 0.00093372017
A47: =A46 -> STEM | B47: =B46 -> SPS1 | C47: =C46 -> CH | D47: Imports|Gas|Synthetic gases|Biogases|Biogas | E47: PJ/yr. | F47: =F45 -> 0 | G47: =G45 -> 0.0017812515 | H47: =H45 -> 0.0016722916 | I47: =I45 -> 0.52722289 | J47: =IF(J45-MAX(F45:I45)<0,J45,MAX(F45:I45)) -> 0.52722289 | K47: =IF(K45-MAX(G45:J45)<0,K45,MAX(G45:J45)) -> 0.0064282962 | L47: =IF(L45-MAX(H45:K45)<0,L45,MAX(H45:K45)) -> 0.00093372017
A48: =A46 -> STEM | B48: =B46 -> SPS1 | C48: =C46 -> CH | D48: Imports|Gas|Synthetic gases|PtG | E48: PJ/yr. | F48: =F49 -> 0 | G48: =G49 -> 0 | H48: =H49 -> 0 | I48: =I49 -> 0 | J48: =J49 -> 0.75109618 | K48: =K49 -> 0 | L48: =L49 -> 0
A49: =A47 -> STEM | B49: =B47 -> SPS1 | C49: =C47 -> CH | D49: Imports|Gas|Synthetic gases|PtG|PtG gas | E49: PJ/yr. | F49: 0 | G49: 0 | H49: 0 | I49: 0 | J49: =J45-J47 -> 0.75109618 | K49: =K45-K47 -> 0 | L49: =L45-L47 -> 0
A50: =A44 -> STEM | B50: =B44 -> SPS1 | C50: =C44 -> CH | D50: Imports|Nuclear fuel | E50: PJ/yr. | F50: {=SUMPRODUCT(("urn"=[1]OUT_PrimaryEnergyCons!$C$4:$C$10000)*1,[1]OUT_PrimaryEnergyCons!D$4:D$10000)} -> 250.94872 | G50: {=SUMPRODUCT(("urn"=[1]OUT_PrimaryEnergyCons!$C$4:$C$10000)*1,[1]OUT_PrimaryEnergyCons!E$4:E$10000)} -> 253.29674 | H50: {=SUMPRODUCT(("urn"=[1]OUT_PrimaryEnergyCons!$C$4:$C$10000)*1,[1]OUT_PrimaryEnergyCons!F$4:F$10000)} -> 233.18389 | I50: {=SUMPRODUCT(("urn"=[1]OUT_PrimaryEnergyCons!$C$4:$C$10000)*1,[1]OUT_PrimaryEnergyCons!G$4:G$10000)} -> 211.82169 | J50: {=SUMPRODUCT(("urn"=[2]OUT_PrimaryEnergyCons!$C$4:$C$10000)*1,[2]OUT_PrimaryEnergyCons!H$4:H$10000)} -> 167.60293 | K50: {=SUMPRODUCT(("urn"=[2]OUT_PrimaryEnergyCons!$C$4:$C$10000)*1,[2]OUT_PrimaryEnergyCons!I$4:I$10000)} -> 98.945514 | L50: {=SUMPRODUCT(("urn"=[2]OUT_PrimaryEnergyCons!$C$4:$C$10000)*1,[2]OUT_PrimaryEnergyCons!J$4:J$10000)} -> 0
A51: =A39 -> STEM | B51: =B39 -> SPS1 | C51: =C39 -> CH | D51: Imports|Electricity | E51: PJ/yr. | F51: =SUM(F52:F55) -> 97.160166 | G51: =SUM(G52:G55) -> 50.302684 | H51: =SUM(H52:H55) -> 50.44885 | I51: =SUM(I52:I55) -> 50.701136 | J51: =SUM(J52:J55) -> 55.370414 | K51: =SUM(K52:K55) -> 25.420965 | L51: =SUM(L52:L55) -> 19.008592
A52: =A51 -> STEM | B52: =B51 -> SPS1 | C52: =C51 -> CH | D52: Imports|Electricity|Austria | E52: PJ/yr. | F52: {=SUMPRODUCT(([1]OUT_Electricity_CHP!$B$1:$B$10000="G-INTC-IMP00-AT")*1,([1]OUT_Electricity_CHP!$C$1:$C$10000="Var_Fout")*1,ISNUMBER(SEARCH("ELC",[1]OUT_Electricity_CHP!$D$1:$D$10000))*1,[1]OUT_Electricity_CHP!E$1:E$10000)} -> 15.013856 | G52: {=SUMPRODUCT(([1]OUT_Electricity_CHP!$B$1:$B$10000="G-INTC-IMP00-AT")*1,([1]OUT_Electricity_CHP!$C$1:$C$10000="Var_Fout")*1,ISNUMBER(SEARCH("ELC",[1]OUT_Electricity_CHP!$D$1:$D$10000))*1,[1]OUT_Electricity_CHP!F$1:F$10000)} -> 0.9465712 | H52: {=SUMPRODUCT(([1]OUT_Electricity_CHP!$B$1:$B$10000="G-INTC-IMP00-AT")*1,([1]OUT_Electricity_CHP!$C$1:$C$10000="Var_Fout")*1,ISNUMBER(SEARCH("ELC",[1]OUT_Electricity_CHP!$D$1:$D$10000))*1,[1]OUT_Electricity_CHP!G$1:G$10000)} -> 0.51305837 | I52: {=SUMPRODUCT(([1]OUT_Electricity_CHP!$B$1:$B$10000="G-INTC-IMP00-AT")*1,([1]OUT_Electricity_CHP!$C$1:$C$10000="Var_Fout")*1,ISNUMBER(SEARCH("ELC",[1]OUT_Electricity_CHP!$D$1:$D$10000))*1,[1]OUT_Electricity_CHP!H$1:H$10000)} -> 0.5256236 | J52: {=SUMPRODUCT(([2]OUT_Electricity_CHP!$B$1:$B$10000="G-INTC-IMP00-AT")*1,([2]OUT_Electricity_CHP!$C$1:$C$10000="Var_Fout")*1,ISNUMBER(SEARCH("ELC",[2]OUT_Electricity_CHP!$D$1:$D$10000))*1,[2]OUT_Electricity_CHP!I$1:I$10000)} -> 0.16260615 | K52: {=SUMPRODUCT(([2]OUT_Electricity_CHP!$B$1:$B$10000="G-INTC-IMP00-AT")*1,([2]OUT_Electricity_CHP!$C$1:$C$10000="Var_Fout")*1,ISNUMBER(SEARCH("ELC",[2]OUT_Electricity_CHP!$D$1:$D$10000))*1,[2]OUT_Electricity_CHP!J$1:J$10000)} -> 0.081266191 | L52: {=SUMPRODUCT(([2]OUT_Electricity_CHP!$B$1:$B$10000="G-INTC-IMP00-AT")*1,([2]OUT_Electricity_CHP!$C$1:$C$10000="Var_Fout")*1,ISNUMBER(SEARCH("ELC",[2]OUT_Electricity_CHP!$D$1:$D$10000))*1,[2]OUT_Electricity_CHP!K$1:K$10000)} -> 7.3749349
A53: =A52 -> STEM | B53: =B52 -> SPS1 | C53: =C52 -> CH | D53: Imports|Electricity|France | E53: PJ/yr. | F53: {=SUMPRODUCT(([1]OUT_Electricity_CHP!$B$1:$B$10000="G-INTC-IMP00-fr")*1,([1]OUT_Electricity_CHP!$C$1:$C$10000="Var_Fout")*1,ISNUMBER(SEARCH("ELC",[1]OUT_Electricity_CHP!$D$1:$D$10000))*1,[1]OUT_Electricity_CHP!E$1:E$10000)} -> 28.948671 | G53: {=SUMPRODUCT(([1]OUT_Electricity_CHP!$B$1:$B$10000="G-INTC-IMP00-fr")*1,([1]OUT_Electricity_CHP!$C$1:$C$10000="Var_Fout")*1,ISNUMBER(SEARCH("ELC",[1]OUT_Electricity_CHP!$D$1:$D$10000))*1,[1]OUT_Electricity_CHP!F$1:F$10000)} -> 21.080687 | H53: {=SUMPRODUCT(([1]OUT_Electricity_CHP!$B$1:$B$10000="G-INTC-IMP00-fr")*1,([1]OUT_Electricity_CHP!$C$1:$C$10000="Var_Fout")*1,ISNUMBER(SEARCH("ELC",[1]OUT_Electricity_CHP!$D$1:$D$10000))*1,[1]OUT_Electricity_CHP!G$1:G$10000)} -> 26.594131 | I53: {=SUMPRODUCT(([1]OUT_Electricity_CHP!$B$1:$B$10000="G-INTC-IMP00-fr")*1,([1]OUT_Electricity_CHP!$C$1:$C$10000="Var_Fout")*1,ISNUMBER(SEARCH("ELC",[1]OUT_Electricity_CHP!$D$1:$D$10000))*1,[1]OUT_Electricity_CHP!H$1:H$10000)} -> 18.064615 | J53: {=SUMPRODUCT(([2]OUT_Electricity_CHP!$B$1:$B$10000="G-INTC-IMP00-fr")*1,([2]OUT_Electricity_CHP!$C$1:$C$10000="Var_Fout")*1,ISNUMBER(SEARCH("ELC",[2]OUT_Electricity_CHP!$D$1:$D$10000))*1,[2]OUT_Electricity_CHP!I$1:I$10000)} -> 17.848631 | K53: {=SUMPRODUCT(([2]OUT_Electricity_CHP!$B$1:$B$10000="G-INTC-IMP00-fr")*1,([2]OUT_Electricity_CHP!$C$1:$C$10000="Var_Fout")*1,ISNUMBER(SEARCH("ELC",[2]OUT_Electricity_CHP!$D$1:$D$10000))*1,[2]OUT_Electricity_CHP!J$1:J$10000)} -> 8.889022 | L53: {=SUMPRODUCT(([2]OUT_Electricity_CHP!$B$1:$B$10000="G-INTC-IMP00-fr")*1,([2]OUT_Electricity_CHP!$C$1:$C$10000="Var_Fout")*1,ISNUMBER(SEARCH("ELC",[2]OUT_Electricity_CHP!$D$1:$D$10000))*1,[2]OUT_Electricity_CHP!K$1:K$10000)} -> 6.258041
A54: =A53 -> STEM | B54: =B53 -> SPS1 | C54: =C53 -> CH | D54: Imports|Electricity|Germany | E54: PJ/yr. | F54: {=SUMPRODUCT(([1]OUT_Electricity_CHP!$B$1:$B$10000="G-INTC-IMP00-de")*1,([1]OUT_Electricity_CHP!$C$1:$C$10000="Var_Fout")*1,ISNUMBER(SEARCH("ELC",[1]OUT_Electricity_CHP!$D$1:$D$10000))*1,[1]OUT_Electricity_CHP!E$1:E$10000)} -> 46.398516 | G54: {=SUMPRODUCT(([1]OUT_Electricity_CHP!$B$1:$B$10000="G-INTC-IMP00-de")*1,([1]OUT_Electricity_CHP!$C$1:$C$10000="Var_Fout")*1,ISNUMBER(SEARCH("ELC",[1]OUT_Electricity_CHP!$D$1:$D$10000))*1,[1]OUT_Electricity_CHP!F$1:F$10000)} -> 28.26563 | H54: {=SUMPRODUCT(([1]OUT_Electricity_CHP!$B$1:$B$10000="G-INTC-IMP00-de")*1,([1]OUT_Electricity_CHP!$C$1:$C$10000="Var_Fout")*1,ISNUMBER(SEARCH("ELC",[1]OUT_Electricity_CHP!$D$1:$D$10000))*1,[1]OUT_Electricity_CHP!G$1:G$10000)} -> 23.333219 | I54: {=SUMPRODUCT(([1]OUT_Electricity_CHP!$B$1:$B$10000="G-INTC-IMP00-de")*1,([1]OUT_Electricity_CHP!$C$1:$C$10000="Var_Fout")*1,ISNUMBER(SEARCH("ELC",[1]OUT_Electricity_CHP!$D$1:$D$10000))*1,[1]OUT_Electricity_CHP!H$1:H$10000)} -> 32.107054 | J54: {=SUMPRODUCT(([2]OUT_Electricity_CHP!$B$1:$B$10000="G-INTC-IMP00-de")*1,([2]OUT_Electricity_CHP!$C$1:$C$10000="Var_Fout")*1,ISNUMBER(SEARCH("ELC",[2]OUT_Electricity_CHP!$D$1:$D$10000))*1,[2]OUT_Electricity_CHP!I$1:I$10000)} -> 37.358617 | K54: {=SUMPRODUCT(([2]OUT_Electricity_CHP!$B$1:$B$10000="G-INTC-IMP00-de")*1,([2]OUT_Electricity_CHP!$C$1:$C$10000="Var_Fout")*1,ISNUMBER(SEARCH("ELC",[2]OUT_Electricity_CHP!$D$1:$D$10000))*1,[2]OUT_Electricity_CHP!J$1:J$10000)} -> 16.450289 | L54: {=SUMPRODUCT(([2]OUT_Electricity_CHP!$B$1:$B$10000="G-INTC-IMP00-de")*1,([2]OUT_Electricity_CHP!$C$1:$C$10000="Var_Fout")*1,ISNUMBER(SEARCH("ELC",[2]OUT_Electricity_CHP!$D$1:$D$10000))*1,[2]OUT_Electricity_CHP!K$1:K$10000)} -> 5.3753266
A55: =A54 -> STEM | B55: =B54 -> SPS1 | C55: =C54 -> CH | D55: Imports|Electricity|Italy | E55: PJ/yr. | F55: {=SUMPRODUCT(([1]OUT_Electricity_CHP!$B$1:$B$10000="G-INTC-IMP00-it")*1,([1]OUT_Electricity_CHP!$C$1:$C$10000="Var_Fout")*1,ISNUMBER(SEARCH("ELC",[1]OUT_Electricity_CHP!$D$1:$D$10000))*1,[1]OUT_Electricity_CHP!E$1:E$10000)} -> 6.7991234 | G55: {=SUMPRODUCT(([1]OUT_Electricity_CHP!$B$1:$B$10000="G-INTC-IMP00-it")*1,([1]OUT_Electricity_CHP!$C$1:$C$10000="Var_Fout")*1,ISNUMBER(SEARCH("ELC",[1]OUT_Electricity_CHP!$D$1:$D$10000))*1,[1]OUT_Electricity_CHP!F$1:F$10000)} -> 0.0097962297 | H55: {=SUMPRODUCT(([1]OUT_Electricity_CHP!$B$1:$B$10000="G-INTC-IMP00-it")*1,([1]OUT_Electricity_CHP!$C$1:$C$10000="Var_Fout")*1,ISNUMBER(SEARCH("ELC",[1]OUT_Electricity_CHP!$D$1:$D$10000))*1,[1]OUT_Electricity_CHP!G$1:G$10000)} -> 0.0084415288 | I55: {=SUMPRODUCT(([1]OUT_Electricity_CHP!$B$1:$B$10000="G-INTC-IMP00-it")*1,([1]OUT_Electricity_CHP!$C$1:$C$10000="Var_Fout")*1,ISNUMBER(SEARCH("ELC",[1]OUT_Electricity_CHP!$D$1:$D$10000))*1,[1]OUT_Electricity_CHP!H$1:H$10000)} -> 0.0038438981 | J55: {=SUMPRODUCT(([2]OUT_Electricity_CHP!$B$1:$B$10000="G-INTC-IMP00-it")*1,([2]OUT_Electricity_CHP!$C$1:$C$10000="Var_Fout")*1,ISNUMBER(SEARCH("ELC",[2]OUT_Electricity_CHP!$D$1:$D$10000))*1,[2]OUT_Electricity_CHP!I$1:I$10000)} -> 0.00056005699 | K55: {=SUMPRODUCT(([2]OUT_Electricity_CHP!$B$1:$B$10000="G-INTC-IMP00-it")*1,([2]OUT_Electricity_CHP!$C$1:$C$10000="Var_Fout")*1,ISNUMBER(SEARCH("ELC",[2]OUT_Electricity_CHP!$D$1:$D$10000))*1,[2]OUT_Electricity_CHP!J$1:J$10000)} -> 0.00038865427 | L55: {=SUMPRODUCT(([2]OUT_Electricity_CHP!$B$1:$B$10000="G-INTC-IMP00-it")*1,([2]OUT_Electricity_CHP!$C$1:$C$10000="Var_Fout")*1,ISNUMBER(SEARCH("ELC",[2]OUT_Electricity_CHP!$D$1:$D$10000))*1,[2]OUT_Electricity_CHP!K$1:K$10000)} -> 0.0002894833
A56: =A55 -> STEM | B56: =B55 -> SPS1 | C56: =C55 -> CH | D56: Imports|Hydrogen | E56: PJ/yr. | F56: {=SUMPRODUCT(("h2"=[1]OUT_PrimaryEnergyCons!$C$4:$C$10000)*1,[1]OUT_PrimaryEnergyCons!D$4:D$10000)} -> 0 | G56: {=SUMPRODUCT(("h2"=[1]OUT_PrimaryEnergyCons!$C$4:$C$10000)*1,[1]OUT_PrimaryEnergyCons!E$4:E$10000)} -> 0 | H56: {=SUMPRODUCT(("h2"=[1]OUT_PrimaryEnergyCons!$C$4:$C$10000)*1,[1]OUT_PrimaryEnergyCons!F$4:F$10000)} -> 0 | I56: {=SUMPRODUCT(("h2"=[1]OUT_PrimaryEnergyCons!$C$4:$C$10000)*1,[1]OUT_PrimaryEnergyCons!G$4:G$10000)} -> 0 | J56: {=SUMPRODUCT(("h2"=[2]OUT_PrimaryEnergyCons!$C$4:$C$10000)*1,[2]OUT_PrimaryEnergyCons!H$4:H$10000)} -> 0 | K56: {=SUMPRODUCT(("h2"=[2]OUT_PrimaryEnergyCons!$C$4:$C$10000)*1,[2]OUT_PrimaryEnergyCons!I$4:I$10000)} -> 8.9006088e-06 | L56: {=SUMPRODUCT(("h2"=[2]OUT_PrimaryEnergyCons!$C$4:$C$10000)*1,[2]OUT_PrimaryEnergyCons!J$4:J$10000)} -> 8.2548698e-06
A57: =A55 -> STEM | B57: =B55 -> SPS1 | C57: =C55 -> CH | D57: Exports | E57: PJ/yr. | F57: =F58 -> 117.17026 | G57: =G58 -> 34.902519 | H57: =H58 -> 71.952546 | I57: =I58 -> 52.700914 | J57: =J58 -> 36.090781 | K57: =K58 -> 27.420962 | L57: =L58 -> 21.008593
A58: =A57 -> STEM | B58: =B57 -> SPS1 | C58: =C57 -> CH | D58: Exports|Electricity | E58: =E57 -> PJ/yr. | F58: =SUM(F59:F62) -> 117.17026 | G58: =SUM(G59:G62) -> 34.902519 | H58: =SUM(H59:H62) -> 71.952546 | I58: =SUM(I59:I62) -> 52.700914 | J58: =SUM(J59:J62) -> 36.090781 | K58: =SUM(K59:K62) -> 27.420962 | L58: =SUM(L59:L62) -> 21.008593
A59: =A58 -> STEM | B59: =B58 -> SPS1 | C59: =C58 -> CH | D59: Exports|Electricity|Austria | E59: =E58 -> PJ/yr. | F59: {=SUMPRODUCT(([1]OUT_Electricity_CHP!$B$1:$B$10000="G-INTC-exp00-AT")*1,([1]OUT_Electricity_CHP!$C$1:$C$10000="Var_Fout")*1,ISNUMBER(SEARCH("ELC",[1]OUT_Electricity_CHP!$D$1:$D$10000))*1,[1]OUT_Electricity_CHP!E$1:E$10000)} -> 6.2296563 | G59: {=SUMPRODUCT(([1]OUT_Electricity_CHP!$B$1:$B$10000="G-INTC-exp00-AT")*1,([1]OUT_Electricity_CHP!$C$1:$C$10000="Var_Fout")*1,ISNUMBER(SEARCH("ELC",[1]OUT_Electricity_CHP!$D$1:$D$10000))*1,[1]OUT_Electricity_CHP!F$1:F$10000)} -> 0.015931737 | H59: {=SUMPRODUCT(([1]OUT_Electricity_CHP!$B$1:$B$10000="G-INTC-exp00-AT")*1,([1]OUT_Electricity_CHP!$C$1:$C$10000="Var_Fout")*1,ISNUMBER(SEARCH("ELC",[1]OUT_Electricity_CHP!$D$1:$D$10000))*1,[1]OUT_Electricity_CHP!G$1:G$10000)} -> 0.020913412 | I59: {=SUMPRODUCT(([1]OUT_Electricity_CHP!$B$1:$B$10000="G-INTC-exp00-AT")*1,([1]OUT_Electricity_CHP!$C$1:$C$10000="Var_Fout")*1,ISNUMBER(SEARCH("ELC",[1]OUT_Electricity_CHP!$D$1:$D$10000))*1,[1]OUT_Electricity_CHP!H$1:H$10000)} -> 0.0038060721 | J59: {=SUMPRODUCT(([2]OUT_Electricity_CHP!$B$1:$B$10000="G-INTC-exp00-AT")*1,([2]OUT_Electricity_CHP!$C$1:$C$10000="Var_Fout")*1,ISNUMBER(SEARCH("ELC",[2]OUT_Electricity_CHP!$D$1:$D$10000))*1,[2]OUT_Electricity_CHP!I$1:I$10000)} -> 0.00047057549 | K59: {=SUMPRODUCT(([2]OUT_Electricity_CHP!$B$1:$B$10000="G-INTC-exp00-AT")*1,([2]OUT_Electricity_CHP!$C$1:$C$10000="Var_Fout")*1,ISNUMBER(SEARCH("ELC",[2]OUT_Electricity_CHP!$D$1:$D$10000))*1,[2]OUT_Electricity_CHP!J$1:J$10000)} -> 0.0005103631 | L59: {=SUMPRODUCT(([2]OUT_Electricity_CHP!$B$1:$B$10000="G-INTC-exp00-AT")*1,([2]OUT_Electricity_CHP!$C$1:$C$10000="Var_Fout")*1,ISNUMBER(SEARCH("ELC",[2]OUT_Electricity_CHP!$D$1:$D$10000))*1,[2]OUT_Electricity_CHP!K$1:K$10000)} -> 0.00032105811
A60: =A59 -> STEM | B60: =B59 -> SPS1 | C60: =C59 -> CH | D60: Exports|Electricity|France | E60: =E59 -> PJ/yr. | F60: {=SUMPRODUCT(([1]OUT_Electricity_CHP!$B$1:$B$10000="G-INTC-exp00-fr")*1,([1]OUT_Electricity_CHP!$C$1:$C$10000="Var_Fout")*1,ISNUMBER(SEARCH("ELC",[1]OUT_Electricity_CHP!$D$1:$D$10000))*1,[1]OUT_Electricity_CHP!E$1:E$10000)} -> 12.753444 | G60: {=SUMPRODUCT(([1]OUT_Electricity_CHP!$B$1:$B$10000="G-INTC-exp00-fr")*1,([1]OUT_Electricity_CHP!$C$1:$C$10000="Var_Fout")*1,ISNUMBER(SEARCH("ELC",[1]OUT_Electricity_CHP!$D$1:$D$10000))*1,[1]OUT_Electricity_CHP!F$1:F$10000)} -> 0.013559254 | H60: {=SUMPRODUCT(([1]OUT_Electricity_CHP!$B$1:$B$10000="G-INTC-exp00-fr")*1,([1]OUT_Electricity_CHP!$C$1:$C$10000="Var_Fout")*1,ISNUMBER(SEARCH("ELC",[1]OUT_Electricity_CHP!$D$1:$D$10000))*1,[1]OUT_Electricity_CHP!G$1:G$10000)} -> 0.014263996 | I60: {=SUMPRODUCT(([1]OUT_Electricity_CHP!$B$1:$B$10000="G-INTC-exp00-fr")*1,([1]OUT_Electricity_CHP!$C$1:$C$10000="Var_Fout")*1,ISNUMBER(SEARCH("ELC",[1]OUT_Electricity_CHP!$D$1:$D$10000))*1,[1]OUT_Electricity_CHP!H$1:H$10000)} -> 0.0069464091 | J60: {=SUMPRODUCT(([2]OUT_Electricity_CHP!$B$1:$B$10000="G-INTC-exp00-fr")*1,([2]OUT_Electricity_CHP!$C$1:$C$10000="Var_Fout")*1,ISNUMBER(SEARCH("ELC",[2]OUT_Electricity_CHP!$D$1:$D$10000))*1,[2]OUT_Electricity_CHP!I$1:I$10000)} -> 0.0014555512 | K60: {=SUMPRODUCT(([2]OUT_Electricity_CHP!$B$1:$B$10000="G-INTC-exp00-fr")*1,([2]OUT_Electricity_CHP!$C$1:$C$10000="Var_Fout")*1,ISNUMBER(SEARCH("ELC",[2]OUT_Electricity_CHP!$D$1:$D$10000))*1,[2]OUT_Electricity_CHP!J$1:J$10000)} -> 0.007339339 | L60: {=SUMPRODUCT(([2]OUT_Electricity_CHP!$B$1:$B$10000="G-INTC-exp00-fr")*1,([2]OUT_Electricity_CHP!$C$1:$C$10000="Var_Fout")*1,ISNUMBER(SEARCH("ELC",[2]OUT_Electricity_CHP!$D$1:$D$10000))*1,[2]OUT_Electricity_CHP!K$1:K$10000)} -> 0.0056451789
A61: =A60 -> STEM | B61: =B60 -> SPS1 | C61: =C60 -> CH | D61: Exports|Electricity|Germany | E61: =E60 -> PJ/yr. | F61: {=SUMPRODUCT(([1]OUT_Electricity_CHP!$B$1:$B$10000="G-INTC-exp00-de")*1,([1]OUT_Electricity_CHP!$C$1:$C$10000="Var_Fout")*1,ISNUMBER(SEARCH("ELC",[1]OUT_Electricity_CHP!$D$1:$D$10000))*1,[1]OUT_Electricity_CHP!E$1:E$10000)} -> 26.493024 | G61: {=SUMPRODUCT(([1]OUT_Electricity_CHP!$B$1:$B$10000="G-INTC-exp00-de")*1,([1]OUT_Electricity_CHP!$C$1:$C$10000="Var_Fout")*1,ISNUMBER(SEARCH("ELC",[1]OUT_Electricity_CHP!$D$1:$D$10000))*1,[1]OUT_Electricity_CHP!F$1:F$10000)} -> 0.010514878 | H61: {=SUMPRODUCT(([1]OUT_Electricity_CHP!$B$1:$B$10000="G-INTC-exp00-de")*1,([1]OUT_Electricity_CHP!$C$1:$C$10000="Var_Fout")*1,ISNUMBER(SEARCH("ELC",[1]OUT_Electricity_CHP!$D$1:$D$10000))*1,[1]OUT_Electricity_CHP!G$1:G$10000)} -> 0.012516595 | I61: {=SUMPRODUCT(([1]OUT_Electricity_CHP!$B$1:$B$10000="G-INTC-exp00-de")*1,([1]OUT_Electricity_CHP!$C$1:$C$10000="Var_Fout")*1,ISNUMBER(SEARCH("ELC",[1]OUT_Electricity_CHP!$D$1:$D$10000))*1,[1]OUT_Electricity_CHP!H$1:H$10000)} -> 0.0091876374 | J61: {=SUMPRODUCT(([2]OUT_Electricity_CHP!$B$1:$B$10000="G-INTC-exp00-de")*1,([2]OUT_Electricity_CHP!$C$1:$C$10000="Var_Fout")*1,ISNUMBER(SEARCH("ELC",[2]OUT_Electricity_CHP!$D$1:$D$10000))*1,[2]OUT_Electricity_CHP!I$1:I$10000)} -> 0.0019138864 | K61: {=SUMPRODUCT(([2]OUT_Electricity_CHP!$B$1:$B$10000="G-INTC-exp00-de")*1,([2]OUT_Electricity_CHP!$C$1:$C$10000="Var_Fout")*1,ISNUMBER(SEARCH("ELC",[2]OUT_Electricity_CHP!$D$1:$D$10000))*1,[2]OUT_Electricity_CHP!J$1:J$10000)} -> 0.0053547851 | L61: {=SUMPRODUCT(([2]OUT_Electricity_CHP!$B$1:$B$10000="G-INTC-exp00-de")*1,([2]OUT_Electricity_CHP!$C$1:$C$10000="Var_Fout")*1,ISNUMBER(SEARCH("ELC",[2]OUT_Electricity_CHP!$D$1:$D$10000))*1,[2]OUT_Electricity_CHP!K$1:K$10000)} -> 0.0019723205
A62: =A61 -> STEM | B62: =B61 -> SPS1 | C62: =C61 -> CH | D62: Exports|Electricity|Italy | E62: =E61 -> PJ/yr. | F62: {=SUMPRODUCT(([1]OUT_Electricity_CHP!$B$1:$B$10000="G-INTC-exp00-it")*1,([1]OUT_Electricity_CHP!$C$1:$C$10000="Var_Fout")*1,ISNUMBER(SEARCH("ELC",[1]OUT_Electricity_CHP!$D$1:$D$10000))*1,[1]OUT_Electricity_CHP!E$1:E$10000)} -> 71.694132 | G62: {=SUMPRODUCT(([1]OUT_Electricity_CHP!$B$1:$B$10000="G-INTC-exp00-it")*1,([1]OUT_Electricity_CHP!$C$1:$C$10000="Var_Fout")*1,ISNUMBER(SEARCH("ELC",[1]OUT_Electricity_CHP!$D$1:$D$10000))*1,[1]OUT_Electricity_CHP!F$1:F$10000)} -> 34.862513 | H62: {=SUMPRODUCT(([1]OUT_Electricity_CHP!$B$1:$B$10000="G-INTC-exp00-it")*1,([1]OUT_Electricity_CHP!$C$1:$C$10000="Var_Fout")*1,ISNUMBER(SEARCH("ELC",[1]OUT_Electricity_CHP!$D$1:$D$10000))*1,[1]OUT_Electricity_CHP!G$1:G$10000)} -> 71.904852 | I62: {=SUMPRODUCT(([1]OUT_Electricity_CHP!$B$1:$B$10000="G-INTC-exp00-it")*1,([1]OUT_Electricity_CHP!$C$1:$C$10000="Var_Fout")*1,ISNUMBER(SEARCH("ELC",[1]OUT_Electricity_CHP!$D$1:$D$10000))*1,[1]OUT_Electricity_CHP!H$1:H$10000)} -> 52.680974 | J62: {=SUMPRODUCT(([2]OUT_Electricity_CHP!$B$1:$B$10000="G-INTC-exp00-it")*1,([2]OUT_Electricity_CHP!$C$1:$C$10000="Var_Fout")*1,ISNUMBER(SEARCH("ELC",[2]OUT_Electricity_CHP!$D$1:$D$10000))*1,[2]OUT_Electricity_CHP!I$1:I$10000)} -> 36.086941 | K62: {=SUMPRODUCT(([2]OUT_Electricity_CHP!$B$1:$B$10000="G-INTC-exp00-it")*1,([2]OUT_Electricity_CHP!$C$1:$C$10000="Var_Fout")*1,ISNUMBER(SEARCH("ELC",[2]OUT_Electricity_CHP!$D$1:$D$10000))*1,[2]OUT_Electricity_CHP!J$1:J$10000)} -> 27.407757 | L62: {=SUMPRODUCT(([2]OUT_Electricity_CHP!$B$1:$B$10000="G-INTC-exp00-it")*1,([2]OUT_Electricity_CHP!$C$1:$C$10000="Var_Fout")*1,ISNUMBER(SEARCH("ELC",[2]OUT_Electricity_CHP!$D$1:$D$10000))*1,[2]OUT_Electricity_CHP!K$1:K$10000)} -> 21.000654
A63: =A62 -> STEM | B63: =B62 -> SPS1 | C63: =C62 -> CH | D63: Electricity generation | E63: PJ/yr. | F63: =SUM(F64,F66,F70,F82,F130,F151,F159,F161,F169,F173,F167) -> 251.09305 | G63: =SUM(G64,G66,G74,G82,G130,G151,G159,G161,G169,G173,G167) -> 229.63445 | H63: =SUM(H64,H66,H74,H82,H130,H151,H159,H161,H169,H173,H167) -> 256.81209 | I63: =SUM(I64,I66,I74,I82,I130,I151,I159,I161,I169,I173,I167) -> 320.14308 | J63: =SUM(J64,J66,J74,J82,J130,J151,J159,J161,J169,J173,J167) -> 284.16954 | K63: =SUM(K64,K66,K74,K82,K130,K151,K159,K161,K169,K173,K167) -> 342.06038 | L63: =SUM(L64,L66,L74,L82,L130,L151,L159,L161,L169,L173,L167) -> 354.75241
A64: =A63 -> STEM | B64: =B63 -> SPS1 | C64: =C63 -> CH | D64: Electricity generation|Nuclear Fuel | E64: =E62 -> PJ/yr. | F64: =+F65 -> 82.760066 | G64: =+G65 -> 82.759337 | H64: =+H65 -> 76.100906 | I64: =+I65 -> 69.908765 | J64: =+J65 -> 55.379436 | K64: =+K65 -> 32.820805 | L64: =+L65 -> 0
A65: =A64 -> STEM | B65: =B64 -> SPS1 | C65: =C64 -> CH | D65: Electricity generation|Nuclear Fuel|Nuclear power plants | E65: =E63 -> PJ/yr. | F65: ='[1]Electricity and CHPs'!B14 -> 82.760066 | G65: ='[1]Electricity and CHPs'!C14 -> 82.759337 | H65: ='[1]Electricity and CHPs'!D14 -> 76.100906 | I65: ='[1]Electricity and CHPs'!E14 -> 69.908765 | J65: ='[2]Electricity and CHPs'!F14 -> 55.379436 | K65: ='[2]Electricity and CHPs'!G14 -> 32.820805 | L65: ='[2]Electricity and CHPs'!H14 -> 0
A66: =A65 -> STEM | B66: =B65 -> SPS1 | C66: =C65 -> CH | D66: Electricity generation|Hydro | E66: =E65 -> PJ/yr. | F66: =SUM(F67:F69) -> 146.2201 | G66: =SUM(G67:G69) -> 121.63351 | H66: =SUM(H67:H69) -> 137.11289 | I66: =SUM(I67:I69) -> 180.51613 | J66: =SUM(J67:J69) -> 149.34884 | K66: =SUM(K67:K69) -> 151.83089 | L66: =SUM(L67:L69) -> 155.8576
A67: =A66 -> STEM | B67: =B66 -> SPS1 | C67: =C66 -> CH | D67: Electricity generation|Hydro|Hydro Large | E67: =E65 -> PJ/yr. | F67: ='[1]Electricity and CHPs'!B15 -> 66.745682 | G67: ='[1]Electricity and CHPs'!C15 -> 49.798778 | H67: ='[1]Electricity and CHPs'!D15 -> 68.970401 | I67: ='[1]Electricity and CHPs'!E15 -> 70.970232 | J67: ='[2]Electricity and CHPs'!F15 -> 72.616242 | K67: ='[2]Electricity and CHPs'!G15 -> 73.931685 | L67: ='[2]Electricity and CHPs'!H15 -> 74.83606
A68: =A67 -> STEM | B68: =B67 -> SPS1 | C68: =C67 -> CH | D68: Electricity generation|Hydro|Hydro Run of River | E68: =E67 -> PJ/yr. | F68: ='[1]Electricity and CHPs'!B16 -> 66.632431 | G68: ='[1]Electricity and CHPs'!C16 -> 55.764056 | H68: ='[1]Electricity and CHPs'!D16 -> 65.677218 | I68: ='[1]Electricity and CHPs'!E16 -> 64.85374 | J68: ='[2]Electricity and CHPs'!F16 -> 63.87016 | K68: ='[2]Electricity and CHPs'!G16 -> 64.382938 | L68: ='[2]Electricity and CHPs'!H16 -> 67.134977
A69: =A68 -> STEM | B69: =B68 -> SPS1 | C69: =C68 -> CH | D69: Electricity generation|Hydro|Pump storage | E69: =E68 -> PJ/yr. | F69: ='[1]Electricity and CHPs'!B17 -> 12.841988 | G69: ='[1]Electricity and CHPs'!C17 -> 16.070678 | H69: ='[1]Electricity and CHPs'!D17 -> 2.4652737 | I69: ='[1]Electricity and CHPs'!E17 -> 44.692162 | J69: ='[2]Electricity and CHPs'!F17 -> 12.862436 | K69: ='[2]Electricity and CHPs'!G17 -> 13.516269 | L69: ='[2]Electricity and CHPs'!H17 -> 13.88656
A70: =A61 -> STEM | B70: =B61 -> SPS1 | C70: =C61 -> CH | D70: Electricity generation|Oil | E70: =E61 -> PJ/yr. | F70: =SUM(F71:F73) -> 0.11202369 | G70: =SUM(G71:G73) -> 0.17158048 | H70: =SUM(H71:H73) -> 0.17156992 | I70: =SUM(I71:I73) -> 0.16833188 | J70: =SUM(J71:J73) -> 0.17154478 | K70: =SUM(K71:K73) -> 0.0058863873 | L70: =SUM(L71:L73) -> 7.0088182e-05
A71: =A70 -> STEM | B71: =B70 -> SPS1 | C71: =C70 -> CH | D71: Electricity generation|Oil|Peak devices | E71: =E61 -> PJ/yr. | F71: ='[1]Electricity and CHPs'!B18 -> 0.039634895 | G71: ='[1]Electricity and CHPs'!C18 -> 0.0025645816 | H71: ='[1]Electricity and CHPs'!D18 -> 0.037598704 | I71: ='[1]Electricity and CHPs'!E18 -> 0.0051097583 | J71: ='[2]Electricity and CHPs'!F18 -> 0.0063030807 | K71: ='[2]Electricity and CHPs'!G18 -> 0.0052380766 | L71: ='[2]Electricity and CHPs'!H18 -> 5.8612545e-05
A72: =A71 -> STEM | B72: =B71 -> SPS1 | C72: =C71 -> CH | D72: Electricity generation|Oil|CHP Oil (for District Heating) | E72: =E126 -> PJ/yr. | F72: ='[1]Electricity and CHPs'!B28 -> 0.0018349123 | G72: ='[1]Electricity and CHPs'!C28 -> 0.0024504348 | H72: ='[1]Electricity and CHPs'!D28 -> 0.0084586077 | I72: ='[1]Electricity and CHPs'!E28 -> 0.0019039403 | J72: ='[2]Electricity and CHPs'!F28 -> 0.0013989428 | K72: ='[2]Electricity and CHPs'!G28 -> 0.0006483107 | L72: ='[2]Electricity and CHPs'!H28 -> 1.1475637e-05
A73: =A72 -> STEM | B73: =B72 -> SPS1 | C73: =C72 -> CH | D73: Electricity generation|Oil|Industrial CHPs oil | E73: =E81 -> PJ/yr. | F73: ='[1]Electricity and CHPs'!B41 -> 0.070553886 | G73: ='[1]Electricity and CHPs'!C41 -> 0.16656546 | H73: ='[1]Electricity and CHPs'!D41 -> 0.1255126 | I73: ='[1]Electricity and CHPs'!E41 -> 0.16131818 | J73: ='[2]Electricity and CHPs'!F41 -> 0.16384276 | K73: ='[2]Electricity and CHPs'!G41 -> 0 | L73: ='[2]Electricity and CHPs'!H41 -> 0
A74: =A69 -> STEM | B74: =B69 -> SPS1 | C74: =C69 -> CH | D74: Electricity generation|Oil|Fossil liquids | E74: =E69 -> PJ/yr. | F74: =SUM(F75:F77) -> 0.11202369 | G74: =SUM(G75:G77) -> 0.17158048 | H74: =SUM(H75:H77) -> 0.17156992 | I74: =SUM(I75:I77) -> 0.16833188 | J74: =SUM(J75:J77) -> 0.17154478 | K74: =SUM(K75:K77) -> 0.0058863873 | L74: =SUM(L75:L77) -> 7.0088182e-05
A75: =A74 -> STEM | B75: =B74 -> SPS1 | C75: =C74 -> CH | D75: Electricity generation|Oil|Fossil liquids|Peak devices | E75: =E69 -> PJ/yr. | F75: =F71 -> 0.039634895 | G75: =G71 -> 0.0025645816 | H75: =H71 -> 0.037598704 | I75: =I71 -> 0.0051097583 | J75: =J71 -> 0.0063030807 | K75: =K71 -> 0.0052380766 | L75: =L71 -> 5.8612545e-05
A76: =A75 -> STEM | B76: =B75 -> SPS1 | C76: =C75 -> CH | D76: Electricity generation|Oil|Fossil liquids|CHP Oil (for District Heating) | E76: =E134 -> PJ/yr. | F76: ='[1]Electricity and CHPs'!B28 -> 0.0018349123 | G76: ='[1]Electricity and CHPs'!C28 -> 0.0024504348 | H76: ='[1]Electricity and CHPs'!D28 -> 0.0084586077 | I76: ='[1]Electricity and CHPs'!E28 -> 0.0019039403 | J76: ='[2]Electricity and CHPs'!F28 -> 0.0013989428 | K76: ='[2]Electricity and CHPs'!G28 -> 0.0006483107 | L76: ='[2]Electricity and CHPs'!H28 -> 1.1475637e-05
A77: =A76 -> STEM | B77: =B76 -> SPS1 | C77: =C76 -> CH | D77: Electricity generation|Oil|Fossil liquids|Industrial CHPs oil | E77: =E89 -> PJ/yr. | F77: ='[1]Electricity and CHPs'!B41 -> 0.070553886 | G77: ='[1]Electricity and CHPs'!C41 -> 0.16656546 | H77: ='[1]Electricity and CHPs'!D41 -> 0.1255126 | I77: ='[1]Electricity and CHPs'!E41 -> 0.16131818 | J77: ='[2]Electricity and CHPs'!F41 -> 0.16384276 | K77: ='[2]Electricity and CHPs'!G41 -> 0 | L77: ='[2]Electricity and CHPs'!H41 -> 0
A78: =A76 -> STEM | B78: =B76 -> SPS1 | C78: =C76 -> CH | D78: Electricity generation|Oil|Synthetic liquids | E78: =E75 -> PJ/yr. | F78: =SUM(F79:F81) -> 0 | G78: =SUM(G79:G81) -> 0 | H78: =SUM(H79:H81) -> 0 | I78: =SUM(I79:I81) -> 0 | J78: =SUM(J79:J81) -> 0 | K78: =SUM(K79:K81) -> 0 | L78: =SUM(L79:L81) -> 0
A79: =A77 -> STEM | B79: =B77 -> SPS1 | C79: =C77 -> CH | D79: Electricity generation|Oil|Synthetic liquids|Peak devices | E79: =E76 -> PJ/yr. | F79: 0 | G79: 0 | H79: 0 | I79: 0 | J79: 0 | K79: 0 | L79: 0
A80: =A79 -> STEM | B80: =B79 -> SPS1 | C80: =C79 -> CH | D80: Electricity generation|Oil|Synthetic liquids|CHP Oil (for District Heating) | E80: =E137 -> PJ/yr. | F80: 0 | G80: 0 | H80: 0 | I80: 0 | J80: 0 | K80: 0 | L80: 0
A81: =A80 -> STEM | B81: =B80 -> SPS1 | C81: =C80 -> CH | D81: Electricity generation|Oil|Synthetic liquids|Industrial CHPs oil | E81: =E92 -> PJ/yr. | F81: 0 | G81: 0 | H81: 0 | I81: 0 | J81: 0 | K81: 0 | L81: 0
A82: =A81 -> STEM | B82: =B81 -> SPS1 | C82: =C81 -> CH | D82: Electricity generation|Gas | E82: =E131 -> PJ/yr. | F82: =SUM(F83:F97) -> 3.2825587 | G82: =SUM(G83:G97) -> 1.9973807 | H82: =SUM(H83:H97) -> 2.2543767 | I82: =SUM(I83:I97) -> 1.1586354 | J82: =SUM(J83:J97) -> 1.8175916 | K82: =SUM(K83:K97) -> 1.341993 | L82: =SUM(L83:L97) -> 1.8274276
A83: =A82 -> STEM | B83: =B82 -> SPS1 | C83: =C82 -> CH | D83: Electricity generation|Gas|Gas turbines combined cycle | E83: =E132 -> PJ/yr. | F83: ='[1]Electricity and CHPs'!B21 -> 0 | G83: ='[1]Electricity and CHPs'!C21 -> 0 | H83: ='[1]Electricity and CHPs'!D21 -> 0 | I83: ='[1]Electricity and CHPs'!E21 -> 0 | J83: ='[2]Electricity and CHPs'!F21 -> 0 | K83: ='[2]Electricity and CHPs'!G21 -> 1.7287997e-05 | L83: ='[2]Electricity and CHPs'!H21 -> 0.0063459566
A84: =A83 -> STEM | B84: =B83 -> SPS1 | C84: =C83 -> CH | D84: Electricity generation|Gas|Gas turbines open cycle | E84: =E83 -> PJ/yr. | F84: ='[1]Electricity and CHPs'!B22 -> 0 | G84: ='[1]Electricity and CHPs'!C22 -> 0 | H84: ='[1]Electricity and CHPs'!D22 -> 0 | I84: ='[1]Electricity and CHPs'!E22 -> 0 | J84: ='[2]Electricity and CHPs'!F22 -> 0 | K84: ='[2]Electricity and CHPs'!G22 -> 9.6613206e-06 | L84: ='[2]Electricity and CHPs'!H22 -> 0.045043486
A85: =A84 -> STEM | B85: =B84 -> SPS1 | C85: =C84 -> CH | D85: Electricity generation|Gas|Gas turbines combined cycle CCS | E85: =E84 -> PJ/yr. | F85: ='[1]Electricity and CHPs'!B23 -> 0 | G85: ='[1]Electricity and CHPs'!C23 -> 0 | H85: ='[1]Electricity and CHPs'!D23 -> 0 | I85: ='[1]Electricity and CHPs'!E23 -> 0 | J85: ='[2]Electricity and CHPs'!F23 -> 0 | K85: ='[2]Electricity and CHPs'!G23 -> 0 | L85: ='[2]Electricity and CHPs'!H23 -> 0
A86: =A85 -> STEM | B86: =B85 -> SPS1 | C86: =C85 -> CH | D86: Electricity generation|Gas|CHP Gas (for District Heating) | E86: =E85 -> PJ/yr. | F86: ='[1]Electricity and CHPs'!B24 -> 0.96593192 | G86: ='[1]Electricity and CHPs'!C24 -> 0.019314763 | H86: ='[1]Electricity and CHPs'!D24 -> 0.079851463 | I86: ='[1]Electricity and CHPs'!E24 -> 0 | J86: ='[2]Electricity and CHPs'!F24 -> 0 | K86: ='[2]Electricity and CHPs'!G24 -> 0 | L86: ='[2]Electricity and CHPs'!H24 -> 0
A87: =A86 -> STEM | B87: =B86 -> SPS1 | C87: =C86 -> CH | D87: Electricity generation|Gas|CHP Fuel Cell Gas (for District Heating) | E87: =E76 -> PJ/yr. | F87: ='[1]Electricity and CHPs'!B29 -> 0 | G87: ='[1]Electricity and CHPs'!C29 -> 0 | H87: ='[1]Electricity and CHPs'!D29 -> 0 | I87: ='[1]Electricity and CHPs'!E29 -> 0 | J87: ='[2]Electricity and CHPs'!F29 -> 0 | K87: ='[2]Electricity and CHPs'!G29 -> 0 | L87: ='[2]Electricity and CHPs'!H29 -> 0
A88: =A87 -> STEM | B88: =B87 -> SPS1 | C88: =C87 -> CH | D88: Electricity generation|Gas|Industrial CHPs gas | E88: =E166 -> PJ/yr. | F88: ='[1]Electricity and CHPs'!B39 -> 0.67022153 | G88: ='[1]Electricity and CHPs'!C39 -> 0.21652571 | H88: ='[1]Electricity and CHPs'!D39 -> 0.47426139 | I88: ='[1]Electricity and CHPs'!E39 -> 0.05181112 | J88: ='[2]Electricity and CHPs'!F39 -> 0.66531999 | K88: ='[2]Electricity and CHPs'!G39 -> 0.14058013 | L88: ='[2]Electricity and CHPs'!H39 -> 0.42392591
A89: =A88 -> STEM | B89: =B88 -> SPS1 | C89: =C88 -> CH | D89: Electricity generation|Gas|Industrial CHPs gas (CCS) | E89: =E88 -> PJ/yr. | F89: ='[1]Electricity and CHPs'!B40 -> 0 | G89: ='[1]Electricity and CHPs'!C40 -> 0 | H89: ='[1]Electricity and CHPs'!D40 -> 0 | I89: ='[1]Electricity and CHPs'!E40 -> 0 | J89: ='[2]Electricity and CHPs'!F40 -> 0 | K89: ='[2]Electricity and CHPs'!G40 -> 0.080739093 | L89: ='[2]Electricity and CHPs'!H40 -> 0.24512925
A90: =A89 -> STEM | B90: =B89 -> SPS1 | C90: =C89 -> CH | D90: Electricity generation|Gas|Industrial CHPs fuel cells (gas reformer) | E90: =E171 -> PJ/yr. | F90: ='[1]Electricity and CHPs'!B47 -> 0 | G90: ='[1]Electricity and CHPs'!C47 -> 0 | H90: ='[1]Electricity and CHPs'!D47 -> 0 | I90: ='[1]Electricity and CHPs'!E47 -> 0 | J90: ='[2]Electricity and CHPs'!F47 -> 0.004632182 | K90: ='[2]Electricity and CHPs'!G47 -> 0.0049213812 | L90: ='[2]Electricity and CHPs'!H47 -> 0.00098630128
A91: =A90 -> STEM | B91: =B90 -> SPS1 | C91: =C90 -> CH | D91: Electricity generation|Gas|Residential single family CHPs gas | E91: =E90 -> PJ/yr. | F91: ='[1]Electricity and CHPs'!B48 -> 0.039655311 | G91: ='[1]Electricity and CHPs'!C48 -> 0.012010641 | H91: ='[1]Electricity and CHPs'!D48 -> 0.017645601 | I91: ='[1]Electricity and CHPs'!E48 -> 0 | J91: ='[2]Electricity and CHPs'!F48 -> 0.0069798136 | K91: ='[2]Electricity and CHPs'!G48 -> 0.0026155813 | L91: ='[2]Electricity and CHPs'!H48 -> 0
A92: =A91 -> STEM | B92: =B91 -> SPS1 | C92: =C91 -> CH | D92: Electricity generation|Gas|Residential single family CHPs fuel cells gas | E92: =E91 -> PJ/yr. | F92: ='[1]Electricity and CHPs'!B49 -> 0 | G92: ='[1]Electricity and CHPs'!C49 -> 0 | H92: ='[1]Electricity and CHPs'!D49 -> 0 | I92: ='[1]Electricity and CHPs'!E49 -> 0 | J92: ='[2]Electricity and CHPs'!F49 -> 0 | K92: ='[2]Electricity and CHPs'!G49 -> 0 | L92: ='[2]Electricity and CHPs'!H49 -> 0
A93: =A92 -> STEM | B93: =B92 -> SPS1 | C93: =C92 -> CH | D93: Electricity generation|Gas|Residential multi family CHPs gas | E93: =E156 -> PJ/yr. | F93: ='[1]Electricity and CHPs'!B51 -> 0.052667993 | G93: ='[1]Electricity and CHPs'!C51 -> 0.016451255 | H93: ='[1]Electricity and CHPs'!D51 -> 0.038739416 | I93: ='[1]Electricity and CHPs'!E51 -> 0 | J93: ='[2]Electricity and CHPs'!F51 -> 0.025778824 | K93: ='[2]Electricity and CHPs'!G51 -> 0.0054911278 | L93: ='[2]Electricity and CHPs'!H51 -> 0
A94: =A93 -> STEM | B94: =B93 -> SPS1 | C94: =C93 -> CH | D94: Electricity generation|Gas|Residential multi family CHPs fuel cells gas | E94: =E93 -> PJ/yr. | F94: ='[1]Electricity and CHPs'!B52 -> 0 | G94: ='[1]Electricity and CHPs'!C52 -> 0 | H94: ='[1]Electricity and CHPs'!D52 -> 0 | I94: ='[1]Electricity and CHPs'!E52 -> 0 | J94: ='[2]Electricity and CHPs'!F52 -> 0 | K94: ='[2]Electricity and CHPs'!G52 -> 0 | L94: ='[2]Electricity and CHPs'!H52 -> 0
A95: =A94 -> STEM | B95: =B94 -> SPS1 | C95: =C94 -> CH | D95: Electricity generation|Gas|Services sectors CHPs (bio)gas | E95: =E157 -> PJ/yr. | F95: ='[1]Electricity and CHPs'!B54 -> 0.95943961 | G95: ='[1]Electricity and CHPs'!C54 -> 1.1064358 | H95: ='[1]Electricity and CHPs'!D54 -> 1.1064076 | I95: ='[1]Electricity and CHPs'!E54 -> 1.1068243 | J95: ='[2]Electricity and CHPs'!F54 -> 1.1059987 | K95: ='[2]Electricity and CHPs'!G54 -> 1.1059959 | L95: ='[2]Electricity and CHPs'!H54 -> 1.1059967
A96: =A95 -> STEM | B96: =B95 -> SPS1 | C96: =C95 -> CH | D96: Electricity generation|Gas|Services sectors CHPs gas | E96: =E95 -> PJ/yr. | F96: ='[1]Electricity and CHPs'!B55 -> 0.5946423 | G96: ='[1]Electricity and CHPs'!C55 -> 0.62664261 | H96: ='[1]Electricity and CHPs'!D55 -> 0.53747126 | I96: ='[1]Electricity and CHPs'!E55 -> 0 | J96: ='[2]Electricity and CHPs'!F55 -> 0.0088820193 | K96: ='[2]Electricity and CHPs'!G55 -> 0.0016228572 | L96: ='[2]Electricity and CHPs'!H55 -> 0
A97: =A96 -> STEM | B97: =B96 -> SPS1 | C97: =C96 -> CH | D97: Electricity generation|Gas|Services sectors CHPs fuel cells (gas reformer) | E97: =E172 -> PJ/yr. | F97: ='[1]Electricity and CHPs'!B58 -> 0 | G97: ='[1]Electricity and CHPs'!C58 -> 0 | H97: ='[1]Electricity and CHPs'!D58 -> 0 | I97: ='[1]Electricity and CHPs'!E58 -> 0 | J97: ='[2]Electricity and CHPs'!F58 -> 0 | K97: ='[2]Electricity and CHPs'!G58 -> 0 | L97: ='[2]Electricity and CHPs'!H58 -> 0
A98: =A97 -> STEM | B98: =B97 -> SPS1 | C98: =C97 -> CH | D98: Electricity generation|Gas|Fossil gases | E98: =E173 -> PJ/yr. | F98: =F82-F114 -> 2.2644922 | G98: =G82-G114 -> 0.86016265 | H98: =H82-H114 -> 1.0859583 | I98: =I82-I114 -> 0.046497784 | J98: =J82-J114 -> 0.58414988 | K98: =K82-K114 -> 0.14067534 | L98: =L82-L114 -> 0.26560342
A99: =A98 -> STEM | B99: =B98 -> SPS1 | C99: =C98 -> CH | D99: Electricity generation|Gas|Fossil gases|Gas turbines combined cycle | E99: =E174 -> PJ/yr. | F99: =F83-F115 -> 0 | G99: =G83-G115 -> 0 | H99: =H83-H115 -> 0 | I99: =I83-I115 -> 0 | J99: =J83-J115 -> 0 | K99: =K83-K115 -> 1.0305188e-05 | L99: =L83-L115 -> 0.0023363399
A100: =A99 -> STEM | B100: =B99 -> SPS1 | C100: =C99 -> CH | D100: Electricity generation|Gas|Fossil gases|Gas turbines open cycle | E100: =E175 -> PJ/yr. | F100: =F84-F116 -> 0 | G100: =G84-G116 -> 0 | H100: =H84-H116 -> 0 | I100: =I84-I116 -> 0 | J100: =J84-J116 -> 0 | K100: =K84-K116 -> 5.759009e-06 | L100: =L84-L116 -> 0.016583298
...

Sheet check
C2: 2020 | D2: 2022 | E2: 2025 | F2: 2030 | G2: 2040 | H2: 2050
B3: Final energy consumption | C3: =SUM(C4:C7) -> 717.26759 | D3: =SUM(D4:D7) -> 704.05238 | E3: =SUM(E4:E7) -> 688.6843 | F3: =SUM(F4:F7) -> 612.75458 | G3: =SUM(G4:G7) -> 569.50526 | H3: =SUM(H4:H7) -> 525.979
B4: Industry | C4: =SPS2_SOC_Low!F763 -> 142.22068 | D4: =SPS2_SOC_Low!G763 -> 142.43487 | E4: =SPS2_SOC_Low!H763 -> 147.51305 | F4: =SPS2_SOC_Low!I763 -> 148.41977 | G4: =SPS2_SOC_Low!J763 -> 149.88995 | H4: =SPS2_SOC_Low!K763 -> 134.68046
B5: Services | C5: =SPS2_SOC_Low!F882 -> 140.1026 | D5: =SPS2_SOC_Low!G882 -> 136.76647 | E5: =SPS2_SOC_Low!H882 -> 132.76306 | F5: =SPS2_SOC_Low!I882 -> 121.47085 | G5: =SPS2_SOC_Low!J882 -> 115.83105 | H5: =SPS2_SOC_Low!K882 -> 110.11011
B6: Residential | C6: =SPS2_SOC_Low!F972 -> 219.63039 | D6: =SPS2_SOC_Low!G972 -> 218.95225 | E6: =SPS2_SOC_Low!H972 -> 219.68116 | F6: =SPS2_SOC_Low!I972 -> 200.42838 | G6: =SPS2_SOC_Low!J972 -> 192.79305 | H6: =SPS2_SOC_Low!K972 -> 184.96511
B7: Transport | C7: =SPS2_SOC_Low!F1136+SPS2_SOC_Low!F1315+SPS2_SOC_Low!F1399+SPS2_SOC_Low!F1483+SPS2_SOC_Low!F1490+SPS2_SOC_Low!F1497+SPS2_SOC_Low!F1546+SPS2_SOC_Low!F1593+SPS2_SOC_Low!F1640 -> 215.31392 | D7: =SPS2_SOC_Low!G1136+SPS2_SOC_Low!G1315+SPS2_SOC_Low!G1399+SPS2_SOC_Low!G1483+SPS2_SOC_Low!G1490+SPS2_SOC_Low!G1497+SPS2_SOC_Low!G1546+SPS2_SOC_Low!G1593+SPS2_SOC_Low!G1640 -> 205.89879 | E7: =SPS2_SOC_Low!H1136+SPS2_SOC_Low!H1315+SPS2_SOC_Low!H1399+SPS2_SOC_Low!H1483+SPS2_SOC_Low!H1490+SPS2_SOC_Low!H1497+SPS2_SOC_Low!H1546+SPS2_SOC_Low!H1593+SPS2_SOC_Low!H1640 -> 188.72702 | F7: =SPS2_SOC_Low!I1136+SPS2_SOC_Low!I1315+SPS2_SOC_Low!I1399+SPS2_SOC_Low!I1483+SPS2_SOC_Low!I1490+SPS2_SOC_Low!I1497+SPS2_SOC_Low!I1546+SPS2_SOC_Low!I1593+SPS2_SOC_Low!I1640 -> 142.43558 | G7: =SPS2_SOC_Low!J1136+SPS2_SOC_Low!J1315+SPS2_SOC_Low!J1399+SPS2_SOC_Low!J1483+SPS2_SOC_Low!J1490+SPS2_SOC_Low!J1497+SPS2_SOC_Low!J1546+SPS2_SOC_Low!J1593+SPS2_SOC_Low!J1640 -> 110.99121 | H7: =SPS2_SOC_Low!K1136+SPS2_SOC_Low!K1315+SPS2_SOC_Low!K1399+SPS2_SOC_Low!K1483+SPS2_SOC_Low!K1490+SPS2_SOC_Low!K1497+SPS2_SOC_Low!K1546+SPS2_SOC_Low!K1593+SPS2_SOC_Low!K1640 -> 96.223315
B8: Fuel input to energy conversion and DAC | C8: =SUM(C9:C12) -> 515.11897 | D8: =SUM(D9:D12) -> 504.61287 | E8: =SUM(E9:E12) -> 515.96568 | F8: =SUM(F9:F12) -> 576.50633 | G8: =SUM(G9:G12) -> 514.45965 | H8: =SUM(H9:H12) -> 570.69022
B9: Electricity and heat | C9: =SPS2_SOC_Low!F291+SPS2_SOC_Low!F409 -> 495.64128 | D9: =SPS2_SOC_Low!G291+SPS2_SOC_Low!G409 -> 476.27631 | E9: =SPS2_SOC_Low!H291+SPS2_SOC_Low!H409 -> 483.96899 | F9: =SPS2_SOC_Low!I291+SPS2_SOC_Low!I409 -> 544.45137 | G9: =SPS2_SOC_Low!J291+SPS2_SOC_Low!J409 -> 475.3509 | H9: =SPS2_SOC_Low!K291+SPS2_SOC_Low!K409 -> 494.14143
B10: Biofuel production | C10: =SPS2_SOC_Low!F590+SPS2_SOC_Low!F604+SPS2_SOC_Low!F644 -> 19.470357 | D10: =SPS2_SOC_Low!G590+SPS2_SOC_Low!G604+SPS2_SOC_Low!G644 -> 28.307016 | E10: =SPS2_SOC_Low!H590+SPS2_SOC_Low!H604+SPS2_SOC_Low!H644 -> 31.96659 | F10: =SPS2_SOC_Low!I590+SPS2_SOC_Low!I604+SPS2_SOC_Low!I644 -> 31.91628 | G10: =SPS2_SOC_Low!J590+SPS2_SOC_Low!J604+SPS2_SOC_Low!J644 -> 25.73628 | H10: =SPS2_SOC_Low!K590+SPS2_SOC_Low!K604+SPS2_SOC_Low!K644 -> 34.972667
B11: Hydrogen production | C11: =SPS2_SOC_Low!F679 -> 0.007334972 | D11: =SPS2_SOC_Low!G679 -> 0.029548522 | E11: =SPS2_SOC_Low!H679 -> 0.030094104 | F11: =SPS2_SOC_Low!I679 -> 0.13868003 | G11: =SPS2_SOC_Low!J679 -> 13.372466 | H11: =SPS2_SOC_Low!K679 -> 41.576046
B12: DAC | C12: =SPS2_SOC_Low!F1707 -> 0 | D12: =SPS2_SOC_Low!G1707 -> 0 | E12: =SPS2_SOC_Low!H1707 -> 0 | F12: =SPS2_SOC_Low!I1707 -> 0 | G12: =SPS2_SOC_Low!J1707 -> 0 | H12: =SPS2_SOC_Low!K1707 -> 7.6680854e-05
B13: Total Primary energy consumption | C13: =SPS2_SOC_Low!F2+SPS2_SOC_Low!F20-SPS2_SOC_Low!F57 -> 966.15861 | D13: =SPS2_SOC_Low!G2+SPS2_SOC_Low!G20-SPS2_SOC_Low!G57 -> 964.3481 | E13: =SPS2_SOC_Low!H2+SPS2_SOC_Low!H20-SPS2_SOC_Low!H57 -> 916.44483 | F13: =SPS2_SOC_Low!I2+SPS2_SOC_Low!I20-SPS2_SOC_Low!I57 -> 892.21411 | G13: =SPS2_SOC_Low!J2+SPS2_SOC_Low!J20-SPS2_SOC_Low!J57 -> 777.05172 | H13: =SPS2_SOC_Low!K2+SPS2_SOC_Low!K20-SPS2_SOC_Low!K57 -> 714.95695
B14: Domestic production | C14: =SPS2_SOC_Low!F2 -> 301.55157 | D14: =SPS2_SOC_Low!G2 -> 298.76898 | E14: =SPS2_SOC_Low!H2 -> 338.20473 | F14: =SPS2_SOC_Low!I2 -> 444.85986 | G14: =SPS2_SOC_Low!J2 -> 425.43102 | H14: =SPS2_SOC_Low!K2 -> 531.32847
B15: Imports | C15: =SPS2_SOC_Low!F20 -> 781.7773 | D15: =SPS2_SOC_Low!G20 -> 700.48164 | E15: =SPS2_SOC_Low!H20 -> 650.19265 | F15: =SPS2_SOC_Low!I20 -> 500.05517 | G15: =SPS2_SOC_Low!J20 -> 387.71149 | H15: =SPS2_SOC_Low!K20 -> 211.04944
B16: Exports | C16: =SPS2_SOC_Low!F57 -> 117.17026 | D16: =SPS2_SOC_Low!G57 -> 34.902519 | E16: =SPS2_SOC_Low!H57 -> 71.952546 | F16: =SPS2_SOC_Low!I57 -> 52.700914 | G16: =SPS2_SOC_Low!J57 -> 36.090781 | H16: =SPS2_SOC_Low!K57 -> 27.420962
